# Time in s;Static pressure in hPa;Temperature in C;Differential pressure voltage as digital value in -
0.000000000000000000e+00;1.010250000000000000e+03;2.639999961853027344e+01;1.500000000000000000e+02
4.203599999999999698e-02;1.010250000000000000e+03;2.639999961853027344e+01;1.500000000000000000e+02
8.410399999999999820e-02;1.010270019531250000e+03;2.639999961853027344e+01;1.490000000000000000e+02
1.261559999999999904e-01;1.010270019531250000e+03;2.639999961853027344e+01;1.490000000000000000e+02
1.682160000000000044e-01;1.010289978027343750e+03;2.639999961853027344e+01;1.480000000000000000e+02
2.102880000000000027e-01;1.010270019531250000e+03;2.639999961853027344e+01;1.480000000000000000e+02
2.523560000000000247e-01;1.010260009765625000e+03;2.639999961853027344e+01;1.470000000000000000e+02
2.944120000000000070e-01;1.010250000000000000e+03;2.639999961853027344e+01;1.490000000000000000e+02
3.364719999999999933e-01;1.010280029296875000e+03;2.639999961853027344e+01;1.490000000000000000e+02
3.785240000000000271e-01;1.010260009765625000e+03;2.639999961853027344e+01;1.480000000000000000e+02
4.205760000000000054e-01;1.010280029296875000e+03;2.639999961853027344e+01;1.480000000000000000e+02
4.626359999999999917e-01;1.010210021972656250e+03;2.639999961853027344e+01;1.500000000000000000e+02
5.046840000000000215e-01;1.010260009765625000e+03;2.639999961853027344e+01;1.520000000000000000e+02
5.467279999999999918e-01;1.010150024414062500e+03;2.639999961853027344e+01;1.520000000000000000e+02
5.887759999999999661e-01;1.010260009765625000e+03;2.639999961853027344e+01;1.510000000000000000e+02
6.308200000000000474e-01;1.010190002441406250e+03;2.639999961853027344e+01;1.500000000000000000e+02
6.728760000000000296e-01;1.010200012207031250e+03;2.639999961853027344e+01;1.520000000000000000e+02
7.149240000000000039e-01;1.010200012207031250e+03;2.639999961853027344e+01;1.530000000000000000e+02
7.569839999999999902e-01;1.010250000000000000e+03;2.639999961853027344e+01;1.520000000000000000e+02
7.990359999999999685e-01;1.010190002441406250e+03;2.639999961853027344e+01;1.520000000000000000e+02
8.410879999999999468e-01;1.010150024414062500e+03;2.639999961853027344e+01;1.520000000000000000e+02
8.831520000000000481e-01;1.010250000000000000e+03;2.639999961853027344e+01;1.530000000000000000e+02
9.252120000000000344e-01;1.010190002441406250e+03;2.639999961853027344e+01;1.520000000000000000e+02
9.672720000000000207e-01;1.010260009765625000e+03;2.639999961853027344e+01;1.520000000000000000e+02
1.009324000000000110e+00;1.010260009765625000e+03;2.639999961853027344e+01;1.520000000000000000e+02
1.051392000000000104e+00;1.010219970703125000e+03;2.639999961853027344e+01;1.510000000000000000e+02
1.093452000000000091e+00;1.010200012207031250e+03;2.639999961853027344e+01;1.530000000000000000e+02
1.135504000000000069e+00;1.010200012207031250e+03;2.639999961853027344e+01;1.520000000000000000e+02
1.177535999999999916e+00;1.010150024414062500e+03;2.639999961853027344e+01;1.510000000000000000e+02
1.219575999999999993e+00;1.010190002441406250e+03;2.639999961853027344e+01;1.500000000000000000e+02
1.261616000000000071e+00;1.010229980468750000e+03;2.639999961853027344e+01;1.500000000000000000e+02
1.303684000000000065e+00;1.010169982910156250e+03;2.639999961853027344e+01;1.500000000000000000e+02
1.345736000000000043e+00;1.010219970703125000e+03;2.639999961853027344e+01;1.510000000000000000e+02
1.387796000000000030e+00;1.010260009765625000e+03;2.639999961853027344e+01;1.520000000000000000e+02
1.429859999999999909e+00;1.010250000000000000e+03;2.639999961853027344e+01;1.510000000000000000e+02
1.471912000000000109e+00;1.010190002441406250e+03;2.639999961853027344e+01;1.490000000000000000e+02
1.513967999999999980e+00;1.010219970703125000e+03;2.639999961853027344e+01;1.480000000000000000e+02
1.556035999999999975e+00;1.010239990234375000e+03;2.639999961853027344e+01;1.490000000000000000e+02
1.598092000000000068e+00;1.010239990234375000e+03;2.639999961853027344e+01;1.480000000000000000e+02
1.640144000000000046e+00;1.010270019531250000e+03;2.639999961853027344e+01;1.490000000000000000e+02
1.682212000000000041e+00;1.010219970703125000e+03;2.639999961853027344e+01;1.490000000000000000e+02
1.724256000000000011e+00;1.010210021972656250e+03;2.639999961853027344e+01;1.480000000000000000e+02
1.766324000000000005e+00;1.010190002441406250e+03;2.639999961853027344e+01;1.480000000000000000e+02
1.808367999999999975e+00;1.010260009765625000e+03;2.639999961853027344e+01;1.480000000000000000e+02
1.850408000000000053e+00;1.010270019531250000e+03;2.639999961853027344e+01;1.490000000000000000e+02
1.892471999999999932e+00;1.010260009765625000e+03;2.639999961853027344e+01;1.490000000000000000e+02
1.934520000000000017e+00;1.010260009765625000e+03;2.639999961853027344e+01;1.490000000000000000e+02
1.976588000000000012e+00;1.010239990234375000e+03;2.639999961853027344e+01;1.480000000000000000e+02
2.018639999999999990e+00;1.010150024414062500e+03;2.639999961853027344e+01;1.500000000000000000e+02
2.060687999999999853e+00;1.010260009765625000e+03;2.639999961853027344e+01;1.500000000000000000e+02
2.102743999999999946e+00;1.010239990234375000e+03;2.639999961853027344e+01;1.490000000000000000e+02
2.144807999999999826e+00;1.010270019531250000e+03;2.639999961853027344e+01;1.490000000000000000e+02
2.186863999999999919e+00;1.010219970703125000e+03;2.639999961853027344e+01;1.520000000000000000e+02
2.228924000000000127e+00;1.010250000000000000e+03;2.639999961853027344e+01;1.540000000000000000e+02
2.270988000000000007e+00;1.010250000000000000e+03;2.639999961853027344e+01;1.530000000000000000e+02
2.313035999999999870e+00;1.010239990234375000e+03;2.639999961853027344e+01;1.530000000000000000e+02
2.355087999999999848e+00;1.010219970703125000e+03;2.639999961853027344e+01;1.540000000000000000e+02
2.397148000000000057e+00;1.010270019531250000e+03;2.639999961853027344e+01;1.530000000000000000e+02
2.439195999999999920e+00;1.010219970703125000e+03;2.639999961853027344e+01;1.530000000000000000e+02
2.481259999999999799e+00;1.010260009765625000e+03;2.639999961853027344e+01;1.520000000000000000e+02
2.523308000000000106e+00;1.010260009765625000e+03;2.639999961853027344e+01;1.510000000000000000e+02
2.565364000000000200e+00;1.010270019531250000e+03;2.639999961853027344e+01;1.500000000000000000e+02
2.607423999999999964e+00;1.010250000000000000e+03;2.639999961853027344e+01;1.510000000000000000e+02
2.649475999999999942e+00;1.010210021972656250e+03;2.639999961853027344e+01;1.530000000000000000e+02
2.691548000000000052e+00;1.010280029296875000e+03;2.639999961853027344e+01;1.520000000000000000e+02
2.733607999999999816e+00;1.010270019531250000e+03;2.639999961853027344e+01;1.510000000000000000e+02
2.775663999999999909e+00;1.010270019531250000e+03;2.639999961853027344e+01;1.520000000000000000e+02
2.817720000000000002e+00;1.010200012207031250e+03;2.639999961853027344e+01;1.530000000000000000e+02
2.859811999999999799e+00;1.010159973144531250e+03;2.639999961853027344e+01;1.540000000000000000e+02
2.901927999999999841e+00;1.010229980468750000e+03;2.639999961853027344e+01;1.520000000000000000e+02
2.944027999999999867e+00;1.010229980468750000e+03;2.639999961853027344e+01;1.500000000000000000e+02
2.986136000000000124e+00;1.010200012207031250e+03;2.639999961853027344e+01;1.480000000000000000e+02
3.028227999999999920e+00;1.010229980468750000e+03;2.639999961853027344e+01;1.500000000000000000e+02
3.070332000000000061e+00;1.010250000000000000e+03;2.639999961853027344e+01;1.490000000000000000e+02
3.112452000000000218e+00;1.010280029296875000e+03;2.639999961853027344e+01;1.490000000000000000e+02
3.154544000000000015e+00;1.010250000000000000e+03;2.639999961853027344e+01;1.490000000000000000e+02
3.196623999999999910e+00;1.010250000000000000e+03;2.639999961853027344e+01;1.490000000000000000e+02
3.238719999999999821e+00;1.010270019531250000e+03;2.639999961853027344e+01;1.480000000000000000e+02
3.280812000000000062e+00;1.010210021972656250e+03;2.639999961853027344e+01;1.470000000000000000e+02
3.322912000000000088e+00;1.010179992675781250e+03;2.639999961853027344e+01;1.490000000000000000e+02
3.365007999999999999e+00;1.010239990234375000e+03;2.639999961853027344e+01;1.500000000000000000e+02
3.407112000000000140e+00;1.010250000000000000e+03;2.639999961853027344e+01;1.500000000000000000e+02
3.449212000000000167e+00;1.010229980468750000e+03;2.639999961853027344e+01;1.490000000000000000e+02
3.491303999999999963e+00;1.010229980468750000e+03;2.639999961853027344e+01;1.510000000000000000e+02
3.533403999999999989e+00;1.010239990234375000e+03;2.639999961853027344e+01;1.520000000000000000e+02
3.575504000000000016e+00;1.010250000000000000e+03;2.639999961853027344e+01;1.500000000000000000e+02
3.617611999999999828e+00;1.010250000000000000e+03;2.639999961853027344e+01;1.500000000000000000e+02
3.659704000000000068e+00;1.010229980468750000e+03;2.639999961853027344e+01;1.490000000000000000e+02
3.701788000000000078e+00;1.010250000000000000e+03;2.639999961853027344e+01;1.480000000000000000e+02
3.743892000000000220e+00;1.010250000000000000e+03;2.639999961853027344e+01;1.470000000000000000e+02
3.785995999999999917e+00;1.010229980468750000e+03;2.639999961853027344e+01;1.490000000000000000e+02
3.828091999999999828e+00;1.010280029296875000e+03;2.639999961853027344e+01;1.490000000000000000e+02
3.870191999999999855e+00;1.010190002441406250e+03;2.639999961853027344e+01;1.470000000000000000e+02
3.912288000000000210e+00;1.010250000000000000e+03;2.639999961853027344e+01;1.480000000000000000e+02
3.954372000000000220e+00;1.010250000000000000e+03;2.639999961853027344e+01;1.500000000000000000e+02
3.996459999999999901e+00;1.010229980468750000e+03;2.639999961853027344e+01;1.490000000000000000e+02
4.038555999999999813e+00;1.010250000000000000e+03;2.639999961853027344e+01;1.480000000000000000e+02
4.080636000000000152e+00;1.010229980468750000e+03;2.639999961853027344e+01;1.490000000000000000e+02
4.122728000000000392e+00;1.010200012207031250e+03;2.639999961853027344e+01;1.480000000000000000e+02
4.164819999999999744e+00;1.010190002441406250e+03;2.639999961853027344e+01;1.490000000000000000e+02
4.206908000000000314e+00;1.010190002441406250e+03;2.639999961853027344e+01;1.500000000000000000e+02
4.248995999999999995e+00;1.010219970703125000e+03;2.639999961853027344e+01;1.500000000000000000e+02
4.291100000000000136e+00;1.010260009765625000e+03;2.639999961853027344e+01;1.510000000000000000e+02
4.333192000000000377e+00;1.010239990234375000e+03;2.639999961853027344e+01;1.520000000000000000e+02
4.375303999999999860e+00;1.010200012207031250e+03;2.639999961853027344e+01;1.500000000000000000e+02
4.417375999999999969e+00;1.010229980468750000e+03;2.639999961853027344e+01;1.510000000000000000e+02
4.459468000000000210e+00;1.010229980468750000e+03;2.639999961853027344e+01;1.490000000000000000e+02
4.501547999999999661e+00;1.010179992675781250e+03;2.639999961853027344e+01;1.480000000000000000e+02
4.543648000000000131e+00;1.010200012207031250e+03;2.639999961853027344e+01;1.470000000000000000e+02
4.585744000000000042e+00;1.010200012207031250e+03;2.639999961853027344e+01;1.490000000000000000e+02
4.627836000000000283e+00;1.010190002441406250e+03;2.639999961853027344e+01;1.500000000000000000e+02
4.669932000000000194e+00;1.010219970703125000e+03;2.639999961853027344e+01;1.490000000000000000e+02
4.712028000000000105e+00;1.010200012207031250e+03;2.639999961853027344e+01;1.480000000000000000e+02
4.754127999999999687e+00;1.010250000000000000e+03;2.639999961853027344e+01;1.510000000000000000e+02
4.796236000000000388e+00;1.010200012207031250e+03;2.639999961853027344e+01;1.530000000000000000e+02
4.838327999999999740e+00;1.010260009765625000e+03;2.639999961853027344e+01;1.510000000000000000e+02
4.880411999999999750e+00;1.010219970703125000e+03;2.639999961853027344e+01;1.490000000000000000e+02
4.922515999999999892e+00;1.010239990234375000e+03;2.639999961853027344e+01;1.490000000000000000e+02
4.964616000000000362e+00;1.010190002441406250e+03;2.639999961853027344e+01;1.490000000000000000e+02
5.006712000000000273e+00;1.010200012207031250e+03;2.639999961853027344e+01;1.500000000000000000e+02
5.048820000000000086e+00;1.010239990234375000e+03;2.639999961853027344e+01;1.500000000000000000e+02
5.090915999999999997e+00;1.010229980468750000e+03;2.639999961853027344e+01;1.490000000000000000e+02
5.133008000000000237e+00;1.010229980468750000e+03;2.639999961853027344e+01;1.500000000000000000e+02
5.175116000000000049e+00;1.010229980468750000e+03;2.639999961853027344e+01;1.500000000000000000e+02
5.217223999999999862e+00;1.010200012207031250e+03;2.639999961853027344e+01;1.520000000000000000e+02
5.259304000000000201e+00;1.010179992675781250e+03;2.639999961853027344e+01;1.510000000000000000e+02
5.301403999999999783e+00;1.010219970703125000e+03;2.639999961853027344e+01;1.500000000000000000e+02
5.343496000000000024e+00;1.010200012207031250e+03;2.639999961853027344e+01;1.490000000000000000e+02
5.385591999999999935e+00;1.010200012207031250e+03;2.639999961853027344e+01;1.500000000000000000e+02
5.427699999999999747e+00;1.010270019531250000e+03;2.639999961853027344e+01;1.490000000000000000e+02
5.469807999999999559e+00;1.010200012207031250e+03;2.639999961853027344e+01;1.490000000000000000e+02
5.511887999999999899e+00;1.010270019531250000e+03;2.639999961853027344e+01;1.490000000000000000e+02
5.553995999999999711e+00;1.010260009765625000e+03;2.639999961853027344e+01;1.480000000000000000e+02
5.596084000000000280e+00;1.010219970703125000e+03;2.639999961853027344e+01;1.490000000000000000e+02
5.638175999999999632e+00;1.010229980468750000e+03;2.639999961853027344e+01;1.510000000000000000e+02
5.680272000000000432e+00;1.010219970703125000e+03;2.639999961853027344e+01;1.510000000000000000e+02
5.722368000000000343e+00;1.010280029296875000e+03;2.639999961853027344e+01;1.530000000000000000e+02
5.764471999999999596e+00;1.010250000000000000e+03;2.639999961853027344e+01;1.480000000000000000e+02
5.806572000000000067e+00;1.010260009765625000e+03;2.639999961853027344e+01;1.480000000000000000e+02
5.848671999999999649e+00;1.010250000000000000e+03;2.639999961853027344e+01;1.480000000000000000e+02
5.890763999999999889e+00;1.010229980468750000e+03;2.639999961853027344e+01;1.490000000000000000e+02
5.932876000000000261e+00;1.010219970703125000e+03;2.639999961853027344e+01;1.510000000000000000e+02
5.974967999999999613e+00;1.010219970703125000e+03;2.639999961853027344e+01;1.510000000000000000e+02
6.017056000000000182e+00;1.010200012207031250e+03;2.639999961853027344e+01;1.520000000000000000e+02
6.059155999999999764e+00;1.010270019531250000e+03;2.639999961853027344e+01;1.510000000000000000e+02
6.101248000000000005e+00;1.010330017089843750e+03;2.639999961853027344e+01;1.520000000000000000e+02
6.143355999999999817e+00;1.010239990234375000e+03;2.639999961853027344e+01;1.510000000000000000e+02
6.185456000000000287e+00;1.010190002441406250e+03;2.639999961853027344e+01;1.510000000000000000e+02
6.227555999999999869e+00;1.010200012207031250e+03;2.639999961853027344e+01;1.530000000000000000e+02
6.269648000000000110e+00;1.010250000000000000e+03;2.639999961853027344e+01;1.530000000000000000e+02
6.311752000000000251e+00;1.010219970703125000e+03;2.639999961853027344e+01;1.530000000000000000e+02
6.353843999999999603e+00;1.010229980468750000e+03;2.639999961853027344e+01;1.520000000000000000e+02
6.395935999999999844e+00;1.010270019531250000e+03;2.639999961853027344e+01;1.510000000000000000e+02
6.438031999999999755e+00;1.010250000000000000e+03;2.639999961853027344e+01;1.520000000000000000e+02
6.480132000000000225e+00;1.010169982910156250e+03;2.639999961853027344e+01;1.510000000000000000e+02
6.522228000000000137e+00;1.010210021972656250e+03;2.639999961853027344e+01;1.510000000000000000e+02
6.564327999999999719e+00;1.010270019531250000e+03;2.639999961853027344e+01;1.510000000000000000e+02
6.606423999999999630e+00;1.010289978027343750e+03;2.639999961853027344e+01;1.500000000000000000e+02
6.648515999999999870e+00;1.010270019531250000e+03;2.639999961853027344e+01;1.500000000000000000e+02
6.690604000000000440e+00;1.010270019531250000e+03;2.639999961853027344e+01;1.490000000000000000e+02
6.732704000000000022e+00;1.010309997558593750e+03;2.639999961853027344e+01;1.490000000000000000e+02
6.774779999999999802e+00;1.010280029296875000e+03;2.639999961853027344e+01;1.490000000000000000e+02
6.816868000000000372e+00;1.010250000000000000e+03;2.639999961853027344e+01;1.490000000000000000e+02
6.858952000000000382e+00;1.010320007324218750e+03;2.639999961853027344e+01;1.510000000000000000e+02
6.901051999999999964e+00;1.010270019531250000e+03;2.639999961853027344e+01;1.510000000000000000e+02
6.943135999999999974e+00;1.010270019531250000e+03;2.639999961853027344e+01;1.490000000000000000e+02
6.985228000000000215e+00;1.010229980468750000e+03;2.639999961853027344e+01;1.480000000000000000e+02
7.027319999999999567e+00;1.010219970703125000e+03;2.639999961853027344e+01;1.490000000000000000e+02
7.069428000000000267e+00;1.010229980468750000e+03;2.639999961853027344e+01;1.500000000000000000e+02
7.111515999999999948e+00;1.010190002441406250e+03;2.639999961853027344e+01;1.520000000000000000e+02
7.153599999999999959e+00;1.010219970703125000e+03;2.639999961853027344e+01;1.520000000000000000e+02
7.195683999999999969e+00;1.010239990234375000e+03;2.639999961853027344e+01;1.520000000000000000e+02
7.237791999999999781e+00;1.010320007324218750e+03;2.639999961853027344e+01;1.510000000000000000e+02
7.279887999999999693e+00;1.010299987792968750e+03;2.639999961853027344e+01;1.500000000000000000e+02
7.321976000000000262e+00;1.010250000000000000e+03;2.639999961853027344e+01;1.520000000000000000e+02
7.364075999999999844e+00;1.010239990234375000e+03;2.639999961853027344e+01;1.510000000000000000e+02
7.406171999999999755e+00;1.010200012207031250e+03;2.639999961853027344e+01;1.510000000000000000e+02
7.448275999999999897e+00;1.010320007324218750e+03;2.639999961853027344e+01;1.520000000000000000e+02
7.490376000000000367e+00;1.010320007324218750e+03;2.639999961853027344e+01;1.520000000000000000e+02
7.532472000000000278e+00;1.010229980468750000e+03;2.639999961853027344e+01;1.510000000000000000e+02
7.574568000000000190e+00;1.010260009765625000e+03;2.639999961853027344e+01;1.510000000000000000e+02
7.616667999999999772e+00;1.010229980468750000e+03;2.639999961853027344e+01;1.510000000000000000e+02
7.658763999999999683e+00;1.010219970703125000e+03;2.639999961853027344e+01;1.540000000000000000e+02
7.700859999999999594e+00;1.010219970703125000e+03;2.639999961853027344e+01;1.540000000000000000e+02
7.742956000000000394e+00;1.010210021972656250e+03;2.639999961853027344e+01;1.540000000000000000e+02
7.785059999999999647e+00;1.010200012207031250e+03;2.639999961853027344e+01;1.520000000000000000e+02
7.827148000000000216e+00;1.010210021972656250e+03;2.639999961853027344e+01;1.520000000000000000e+02
7.869247999999999799e+00;1.010179992675781250e+03;2.639999961853027344e+01;1.520000000000000000e+02
7.911355999999999611e+00;1.010179992675781250e+03;2.639999961853027344e+01;1.540000000000000000e+02
7.953435999999999950e+00;1.010229980468750000e+03;2.639999961853027344e+01;1.510000000000000000e+02
7.995543999999999762e+00;1.010190002441406250e+03;2.639999961853027344e+01;1.520000000000000000e+02
8.037639999999999674e+00;1.010229980468750000e+03;2.639999961853027344e+01;1.520000000000000000e+02
8.079739999999999256e+00;1.010200012207031250e+03;2.639999961853027344e+01;1.500000000000000000e+02
8.121840000000000614e+00;1.010219970703125000e+03;2.639999961853027344e+01;1.510000000000000000e+02
8.163952000000000098e+00;1.010239990234375000e+03;2.639999961853027344e+01;1.520000000000000000e+02
8.206056000000000239e+00;1.010210021972656250e+03;2.639999961853027344e+01;1.490000000000000000e+02
8.248155999999999821e+00;1.010239990234375000e+03;2.639999961853027344e+01;1.450000000000000000e+02
8.290243999999999502e+00;1.010179992675781250e+03;2.639999961853027344e+01;1.480000000000000000e+02
8.332323999999999842e+00;1.010260009765625000e+03;2.639999961853027344e+01;1.500000000000000000e+02
8.374432000000000542e+00;1.010210021972656250e+03;2.639999961853027344e+01;1.500000000000000000e+02
8.416532000000000124e+00;1.010229980468750000e+03;2.639999961853027344e+01;1.490000000000000000e+02
8.458627999999999147e+00;1.010179992675781250e+03;2.639999961853027344e+01;1.480000000000000000e+02
8.500740000000000407e+00;1.010179992675781250e+03;2.639999961853027344e+01;1.480000000000000000e+02
8.542832000000000647e+00;1.010159973144531250e+03;2.639999961853027344e+01;1.500000000000000000e+02
8.584936000000000789e+00;1.010219970703125000e+03;2.639999961853027344e+01;1.520000000000000000e+02
8.627024000000000470e+00;1.010270019531250000e+03;2.639999961853027344e+01;1.510000000000000000e+02
8.669116000000000710e+00;1.010250000000000000e+03;2.639999961853027344e+01;1.470000000000000000e+02
8.711207999999999174e+00;1.010219970703125000e+03;2.639999961853027344e+01;1.490000000000000000e+02
8.753303999999999974e+00;1.010229980468750000e+03;2.639999961853027344e+01;1.510000000000000000e+02
8.795412000000000674e+00;1.010190002441406250e+03;2.639999961853027344e+01;1.510000000000000000e+02
8.837507999999999697e+00;1.010169982910156250e+03;2.639999961853027344e+01;1.500000000000000000e+02
8.879616000000000398e+00;1.010190002441406250e+03;2.639999961853027344e+01;1.500000000000000000e+02
8.921711999999999421e+00;1.010200012207031250e+03;2.639999961853027344e+01;1.490000000000000000e+02
8.963791999999999760e+00;1.010200012207031250e+03;2.639999961853027344e+01;1.490000000000000000e+02
9.005900000000000460e+00;1.010260009765625000e+03;2.639999961853027344e+01;1.520000000000000000e+02
9.047988000000000142e+00;1.010229980468750000e+03;2.639999961853027344e+01;1.520000000000000000e+02
9.090080000000000382e+00;1.010239990234375000e+03;2.639999961853027344e+01;1.510000000000000000e+02
9.132187999999999306e+00;1.010229980468750000e+03;2.639999961853027344e+01;1.490000000000000000e+02
9.174291999999999447e+00;1.010250000000000000e+03;2.639999961853027344e+01;1.500000000000000000e+02
9.216383999999999688e+00;1.010200012207031250e+03;2.639999961853027344e+01;1.510000000000000000e+02
9.258471999999999369e+00;1.010190002441406250e+03;2.639999961853027344e+01;1.510000000000000000e+02
9.300572000000000727e+00;1.010219970703125000e+03;2.639999961853027344e+01;1.520000000000000000e+02
9.342679999999999652e+00;1.010219970703125000e+03;2.639999961853027344e+01;1.500000000000000000e+02
9.384779999999999234e+00;1.010179992675781250e+03;2.639999961853027344e+01;1.520000000000000000e+02
9.426868000000000691e+00;1.010150024414062500e+03;2.639999961853027344e+01;1.530000000000000000e+02
9.468956000000000373e+00;1.010219970703125000e+03;2.639999961853027344e+01;1.560000000000000000e+02
9.511055999999999955e+00;1.010229980468750000e+03;2.639999961853027344e+01;1.540000000000000000e+02
9.553164000000000655e+00;1.010260009765625000e+03;2.639999961853027344e+01;1.520000000000000000e+02
9.595259999999999678e+00;1.010200012207031250e+03;2.639999961853027344e+01;1.520000000000000000e+02
9.637363999999999820e+00;1.010260009765625000e+03;2.639999961853027344e+01;1.530000000000000000e+02
9.679460000000000619e+00;1.010250000000000000e+03;2.639999961853027344e+01;1.530000000000000000e+02
9.721564000000000760e+00;1.010309997558593750e+03;2.639999961853027344e+01;1.530000000000000000e+02
9.763659999999999783e+00;1.010219970703125000e+03;2.639999961853027344e+01;1.510000000000000000e+02
9.805756000000000583e+00;1.010330017089843750e+03;2.639999961853027344e+01;1.520000000000000000e+02
9.847835999999999146e+00;1.010229980468750000e+03;2.639999961853027344e+01;1.510000000000000000e+02
9.889939999999999287e+00;1.010299987792968750e+03;2.639999961853027344e+01;1.510000000000000000e+02
9.932036000000000087e+00;1.010229980468750000e+03;2.639999961853027344e+01;1.510000000000000000e+02
9.974135999999999669e+00;1.010200012207031250e+03;2.639999961853027344e+01;1.510000000000000000e+02
1.001623999999999981e+01;1.010179992675781250e+03;2.639999961853027344e+01;1.520000000000000000e+02
1.005833999999999939e+01;1.010260009765625000e+03;2.639999961853027344e+01;1.510000000000000000e+02
1.010043199999999963e+01;1.010260009765625000e+03;2.639999961853027344e+01;1.530000000000000000e+02
1.014253199999999921e+01;1.010159973144531250e+03;2.639999961853027344e+01;1.540000000000000000e+02
1.018462800000000001e+01;1.010260009765625000e+03;2.639999961853027344e+01;1.530000000000000000e+02
1.022671599999999970e+01;1.010190002441406250e+03;2.639999961853027344e+01;1.530000000000000000e+02
1.026881999999999984e+01;1.010219970703125000e+03;2.639999961853027344e+01;1.540000000000000000e+02
1.031091200000000008e+01;1.010309997558593750e+03;2.639999961853027344e+01;1.530000000000000000e+02
1.035301600000000022e+01;1.010250000000000000e+03;2.639999961853027344e+01;1.510000000000000000e+02
1.039512399999999914e+01;1.010229980468750000e+03;2.639999961853027344e+01;1.530000000000000000e+02
1.043723199999999984e+01;1.010250000000000000e+03;2.639999961853027344e+01;1.520000000000000000e+02
1.047932400000000008e+01;1.010250000000000000e+03;2.639999961853027344e+01;1.510000000000000000e+02
1.052141600000000032e+01;1.010239990234375000e+03;2.639999961853027344e+01;1.510000000000000000e+02
1.056351199999999935e+01;1.010179992675781250e+03;2.639999961853027344e+01;1.520000000000000000e+02
1.060559600000000025e+01;1.010229980468750000e+03;2.639999961853027344e+01;1.510000000000000000e+02
1.064770399999999917e+01;1.010219970703125000e+03;2.639999961853027344e+01;1.520000000000000000e+02
1.068981999999999921e+01;1.010229980468750000e+03;2.639999961853027344e+01;1.520000000000000000e+02
1.073191600000000001e+01;1.010239990234375000e+03;2.639999961853027344e+01;1.510000000000000000e+02
1.077402400000000071e+01;1.010219970703125000e+03;2.639999961853027344e+01;1.500000000000000000e+02
1.081611999999999973e+01;1.010250000000000000e+03;2.639999961853027344e+01;1.490000000000000000e+02
1.085821999999999932e+01;1.010179992675781250e+03;2.639999961853027344e+01;1.500000000000000000e+02
1.090030800000000077e+01;1.010229980468750000e+03;2.639999961853027344e+01;1.520000000000000000e+02
1.094238799999999934e+01;1.010229980468750000e+03;2.639999961853027344e+01;1.510000000000000000e+02
1.098447600000000079e+01;1.010239990234375000e+03;2.639999961853027344e+01;1.500000000000000000e+02
1.102657600000000038e+01;1.010289978027343750e+03;2.639999961853027344e+01;1.490000000000000000e+02
1.106867599999999996e+01;1.010250000000000000e+03;2.639999961853027344e+01;1.500000000000000000e+02
1.111078000000000010e+01;1.010229980468750000e+03;2.639999961853027344e+01;1.510000000000000000e+02
1.115289199999999958e+01;1.010239990234375000e+03;2.639999961853027344e+01;1.530000000000000000e+02
1.119499199999999917e+01;1.010260009765625000e+03;2.639999961853027344e+01;1.520000000000000000e+02
1.123709599999999931e+01;1.010250000000000000e+03;2.639999961853027344e+01;1.510000000000000000e+02
1.127918000000000021e+01;1.010250000000000000e+03;2.639999961853027344e+01;1.530000000000000000e+02
1.132127599999999923e+01;1.010250000000000000e+03;2.639999961853027344e+01;1.520000000000000000e+02
1.136336400000000069e+01;1.010250000000000000e+03;2.639999961853027344e+01;1.510000000000000000e+02
1.140546400000000027e+01;1.010250000000000000e+03;2.639999961853027344e+01;1.500000000000000000e+02
1.144756800000000041e+01;1.010289978027343750e+03;2.639999961853027344e+01;1.500000000000000000e+02
1.148965600000000009e+01;1.010260009765625000e+03;2.639999961853027344e+01;1.520000000000000000e+02
1.153176799999999957e+01;1.010200012207031250e+03;2.639999961853027344e+01;1.520000000000000000e+02
1.157386799999999916e+01;1.010280029296875000e+03;2.639999961853027344e+01;1.510000000000000000e+02
1.161597599999999986e+01;1.010219970703125000e+03;2.639999961853027344e+01;1.480000000000000000e+02
1.165807599999999944e+01;1.010229980468750000e+03;2.639999961853027344e+01;1.470000000000000000e+02
1.170015599999999978e+01;1.010239990234375000e+03;2.639999961853027344e+01;1.480000000000000000e+02
1.174224000000000068e+01;1.010299987792968750e+03;2.639999961853027344e+01;1.480000000000000000e+02
1.178433599999999970e+01;1.010229980468750000e+03;2.639999961853027344e+01;1.470000000000000000e+02
1.182644400000000040e+01;1.010210021972656250e+03;2.639999961853027344e+01;1.480000000000000000e+02
1.186853999999999942e+01;1.010280029296875000e+03;2.639999961853027344e+01;1.510000000000000000e+02
1.191063600000000022e+01;1.010250000000000000e+03;2.639999961853027344e+01;1.500000000000000000e+02
1.195274000000000036e+01;1.010179992675781250e+03;2.639999961853027344e+01;1.490000000000000000e+02
1.199483200000000060e+01;1.010239990234375000e+03;2.639999961853027344e+01;1.500000000000000000e+02
1.203693999999999953e+01;1.010200012207031250e+03;2.639999961853027344e+01;1.500000000000000000e+02
1.207903199999999977e+01;1.010260009765625000e+03;2.639999961853027344e+01;1.500000000000000000e+02
1.212111600000000067e+01;1.010239990234375000e+03;2.639999961853027344e+01;1.490000000000000000e+02
1.216322399999999959e+01;1.010250000000000000e+03;2.639999961853027344e+01;1.500000000000000000e+02
1.220532799999999973e+01;1.010280029296875000e+03;2.639999961853027344e+01;1.490000000000000000e+02
1.224741599999999941e+01;1.010219970703125000e+03;2.639999961853027344e+01;1.510000000000000000e+02
1.228952800000000067e+01;1.010210021972656250e+03;2.639999961853027344e+01;1.520000000000000000e+02
1.233161999999999914e+01;1.010229980468750000e+03;2.639999961853027344e+01;1.520000000000000000e+02
1.237371199999999938e+01;1.010210021972656250e+03;2.639999961853027344e+01;1.510000000000000000e+02
1.241581200000000074e+01;1.010239990234375000e+03;2.639999961853027344e+01;1.480000000000000000e+02
1.245790799999999976e+01;1.010200012207031250e+03;2.639999961853027344e+01;1.490000000000000000e+02
1.249999599999999944e+01;1.010169982910156250e+03;2.639999961853027344e+01;1.520000000000000000e+02
1.254210400000000014e+01;1.010299987792968750e+03;2.639999961853027344e+01;1.520000000000000000e+02
1.258419199999999982e+01;1.010169982910156250e+03;2.639999961853027344e+01;1.520000000000000000e+02
1.262630000000000052e+01;1.010239990234375000e+03;2.639999961853027344e+01;1.530000000000000000e+02
1.266840400000000066e+01;1.010239990234375000e+03;2.639999961853027344e+01;1.550000000000000000e+02
1.271049599999999913e+01;1.010250000000000000e+03;2.639999961853027344e+01;1.520000000000000000e+02
1.275259199999999993e+01;1.010229980468750000e+03;2.639999961853027344e+01;1.520000000000000000e+02
1.279469199999999951e+01;1.010210021972656250e+03;2.639999961853027344e+01;1.530000000000000000e+02
1.283679599999999965e+01;1.010270019531250000e+03;2.639999961853027344e+01;1.540000000000000000e+02
1.287887599999999999e+01;1.010270019531250000e+03;2.639999961853027344e+01;1.530000000000000000e+02
1.292098400000000069e+01;1.010280029296875000e+03;2.639999961853027344e+01;1.520000000000000000e+02
1.296307999999999971e+01;1.010260009765625000e+03;2.639999961853027344e+01;1.530000000000000000e+02
1.300518800000000041e+01;1.010219970703125000e+03;2.639999961853027344e+01;1.520000000000000000e+02
1.304729999999999990e+01;1.010250000000000000e+03;2.639999961853027344e+01;1.540000000000000000e+02
1.308939600000000070e+01;1.010260009765625000e+03;2.639999961853027344e+01;1.530000000000000000e+02
1.313150399999999962e+01;1.010229980468750000e+03;2.639999961853027344e+01;1.520000000000000000e+02
1.317359199999999930e+01;1.010299987792968750e+03;2.639999961853027344e+01;1.530000000000000000e+02
1.321568000000000076e+01;1.010289978027343750e+03;2.639999961853027344e+01;1.550000000000000000e+02
1.325776399999999988e+01;1.010270019531250000e+03;2.639999961853027344e+01;1.550000000000000000e+02
1.329986800000000002e+01;1.010260009765625000e+03;2.639999961853027344e+01;1.530000000000000000e+02
1.334196799999999961e+01;1.010270019531250000e+03;2.639999961853027344e+01;1.530000000000000000e+02
1.338405599999999929e+01;1.010229980468750000e+03;2.639999961853027344e+01;1.520000000000000000e+02
1.342615999999999943e+01;1.010210021972656250e+03;2.639999961853027344e+01;1.520000000000000000e+02
1.346825199999999967e+01;1.010239990234375000e+03;2.639999961853027344e+01;1.520000000000000000e+02
1.351034399999999991e+01;1.010159973144531250e+03;2.639999961853027344e+01;1.510000000000000000e+02
1.355245599999999939e+01;1.010280029296875000e+03;2.639999961853027344e+01;1.500000000000000000e+02
1.359453599999999973e+01;1.010250000000000000e+03;2.639999961853027344e+01;1.530000000000000000e+02
1.363660800000000073e+01;1.010280029296875000e+03;2.639999961853027344e+01;1.540000000000000000e+02
1.367869999999999919e+01;1.010270019531250000e+03;2.639999961853027344e+01;1.530000000000000000e+02
1.372080000000000055e+01;1.010289978027343750e+03;2.639999961853027344e+01;1.500000000000000000e+02
1.376288800000000023e+01;1.010219970703125000e+03;2.639999961853027344e+01;1.500000000000000000e+02
1.380499200000000037e+01;1.010250000000000000e+03;2.639999961853027344e+01;1.520000000000000000e+02
1.384708400000000061e+01;1.010280029296875000e+03;2.639999961853027344e+01;1.520000000000000000e+02
1.388917600000000085e+01;1.010289978027343750e+03;2.639999961853027344e+01;1.520000000000000000e+02
1.393127199999999988e+01;1.010289978027343750e+03;2.639999961853027344e+01;1.530000000000000000e+02
1.397334400000000088e+01;1.010289978027343750e+03;2.639999961853027344e+01;1.530000000000000000e+02
1.401542800000000000e+01;1.010260009765625000e+03;2.639999961853027344e+01;1.520000000000000000e+02
1.405750800000000034e+01;1.010219970703125000e+03;2.639999961853027344e+01;1.540000000000000000e+02
1.409960000000000058e+01;1.010250000000000000e+03;2.639999961853027344e+01;1.530000000000000000e+02
1.414170400000000072e+01;1.010260009765625000e+03;2.639999961853027344e+01;1.520000000000000000e+02
1.418380800000000086e+01;1.010250000000000000e+03;2.639999961853027344e+01;1.520000000000000000e+02
1.422591199999999922e+01;1.010229980468750000e+03;2.639999961853027344e+01;1.530000000000000000e+02
1.426800399999999946e+01;1.010200012207031250e+03;2.639999961853027344e+01;1.530000000000000000e+02
1.431010400000000082e+01;1.010200012207031250e+03;2.639999961853027344e+01;1.540000000000000000e+02
1.435220400000000041e+01;1.010289978027343750e+03;2.639999961853027344e+01;1.550000000000000000e+02
1.439429200000000009e+01;1.010260009765625000e+03;2.639999961853027344e+01;1.530000000000000000e+02
1.443637999999999977e+01;1.010239990234375000e+03;2.639999961853027344e+01;1.520000000000000000e+02
1.447849199999999925e+01;1.010239990234375000e+03;2.639999961853027344e+01;1.520000000000000000e+02
1.452058399999999949e+01;1.010260009765625000e+03;2.639999961853027344e+01;1.530000000000000000e+02
1.456269200000000019e+01;1.010260009765625000e+03;2.639999961853027344e+01;1.530000000000000000e+02
1.460479600000000033e+01;1.010250000000000000e+03;2.639999961853027344e+01;1.530000000000000000e+02
1.464689599999999992e+01;1.010239990234375000e+03;2.639999961853027344e+01;1.520000000000000000e+02
1.468900400000000062e+01;1.010260009765625000e+03;2.639999961853027344e+01;1.510000000000000000e+02
1.473109600000000086e+01;1.010229980468750000e+03;2.639999961853027344e+01;1.520000000000000000e+02
1.477317999999999998e+01;1.010219970703125000e+03;2.639999961853027344e+01;1.540000000000000000e+02
1.481526000000000032e+01;1.010210021972656250e+03;2.639999961853027344e+01;1.520000000000000000e+02
1.485735599999999934e+01;1.010239990234375000e+03;2.639999961853027344e+01;1.510000000000000000e+02
1.489946400000000004e+01;1.010260009765625000e+03;2.639999961853027344e+01;1.500000000000000000e+02
1.494156399999999962e+01;1.010210021972656250e+03;2.639999961853027344e+01;1.510000000000000000e+02
1.498365599999999986e+01;1.010159973144531250e+03;2.639999961853027344e+01;1.520000000000000000e+02
1.502574800000000010e+01;1.010250000000000000e+03;2.639999961853027344e+01;1.520000000000000000e+02
1.506784000000000034e+01;1.010260009765625000e+03;2.639999961853027344e+01;1.530000000000000000e+02
1.510995199999999983e+01;1.010219970703125000e+03;2.639999961853027344e+01;1.530000000000000000e+02
1.515206000000000053e+01;1.010229980468750000e+03;2.639999961853027344e+01;1.540000000000000000e+02
1.519415599999999955e+01;1.010280029296875000e+03;2.639999961853027344e+01;1.530000000000000000e+02
1.523625599999999913e+01;1.010239990234375000e+03;2.639999961853027344e+01;1.550000000000000000e+02
1.527835999999999927e+01;1.010219970703125000e+03;2.639999961853027344e+01;1.540000000000000000e+02
1.532044800000000073e+01;1.010190002441406250e+03;2.639999961853027344e+01;1.530000000000000000e+02
1.536256000000000022e+01;1.010260009765625000e+03;2.639999961853027344e+01;1.510000000000000000e+02
1.540464799999999990e+01;1.010229980468750000e+03;2.639999961853027344e+01;1.500000000000000000e+02
1.544675200000000004e+01;1.010210021972656250e+03;2.639999961853027344e+01;1.520000000000000000e+02
1.548885600000000018e+01;1.010260009765625000e+03;2.639999961853027344e+01;1.510000000000000000e+02
1.553094399999999986e+01;1.010239990234375000e+03;2.639999961853027344e+01;1.500000000000000000e+02
1.557302800000000076e+01;1.010250000000000000e+03;2.639999961853027344e+01;1.490000000000000000e+02
1.561512800000000034e+01;1.010219970703125000e+03;2.639999961853027344e+01;1.510000000000000000e+02
1.565722799999999992e+01;1.010239990234375000e+03;2.639999961853027344e+01;1.500000000000000000e+02
1.569932400000000072e+01;1.010179992675781250e+03;2.639999961853027344e+01;1.480000000000000000e+02
1.574144000000000077e+01;1.010289978027343750e+03;2.639999961853027344e+01;1.510000000000000000e+02
1.578353599999999979e+01;1.010200012207031250e+03;2.639999961853027344e+01;1.510000000000000000e+02
1.582561600000000013e+01;1.010179992675781250e+03;2.639999961853027344e+01;1.490000000000000000e+02
1.586772000000000027e+01;1.010280029296875000e+03;2.639999961853027344e+01;1.490000000000000000e+02
1.590980799999999995e+01;1.010210021972656250e+03;2.639999961853027344e+01;1.490000000000000000e+02
1.595190799999999953e+01;1.010219970703125000e+03;2.639999961853027344e+01;1.500000000000000000e+02
1.599400400000000033e+01;1.010219970703125000e+03;2.639999961853027344e+01;1.520000000000000000e+02
1.603611199999999926e+01;1.010169982910156250e+03;2.639999961853027344e+01;1.530000000000000000e+02
1.607820399999999950e+01;1.010169982910156250e+03;2.639999961853027344e+01;1.510000000000000000e+02
1.612030800000000141e+01;1.010229980468750000e+03;2.639999961853027344e+01;1.500000000000000000e+02
1.616241600000000034e+01;1.010219970703125000e+03;2.639999961853027344e+01;1.510000000000000000e+02
1.620452799999999982e+01;1.010109985351562500e+03;2.639999961853027344e+01;1.540000000000000000e+02
1.624662000000000006e+01;1.010210021972656250e+03;2.639999961853027344e+01;1.550000000000000000e+02
1.628869999999999862e+01;1.010210021972656250e+03;2.639999961853027344e+01;1.530000000000000000e+02
1.633079199999999886e+01;1.010280029296875000e+03;2.639999961853027344e+01;1.550000000000000000e+02
1.637289600000000078e+01;1.010190002441406250e+03;2.639999961853027344e+01;1.560000000000000000e+02
1.641499599999999859e+01;1.010270019531250000e+03;2.639999961853027344e+01;1.550000000000000000e+02
1.645708399999999827e+01;1.010229980468750000e+03;2.639999961853027344e+01;1.540000000000000000e+02
1.649919600000000131e+01;1.010239990234375000e+03;2.639999961853027344e+01;1.550000000000000000e+02
1.654129599999999911e+01;1.010219970703125000e+03;2.639999961853027344e+01;1.540000000000000000e+02
1.658339600000000047e+01;1.010250000000000000e+03;2.639999961853027344e+01;1.520000000000000000e+02
1.662548800000000071e+01;1.010280029296875000e+03;2.639999961853027344e+01;1.520000000000000000e+02
1.666757199999999983e+01;1.010250000000000000e+03;2.639999961853027344e+01;1.520000000000000000e+02
1.670965999999999951e+01;1.010239990234375000e+03;2.639999961853027344e+01;1.510000000000000000e+02
1.675176799999999844e+01;1.010239990234375000e+03;2.639999961853027344e+01;1.530000000000000000e+02
1.679387600000000091e+01;1.010210021972656250e+03;2.639999961853027344e+01;1.540000000000000000e+02
1.683596800000000115e+01;1.010239990234375000e+03;2.639999961853027344e+01;1.530000000000000000e+02
1.687808800000000176e+01;1.010260009765625000e+03;2.639999961853027344e+01;1.540000000000000000e+02
1.692017600000000144e+01;1.010190002441406250e+03;2.639999961853027344e+01;1.540000000000000000e+02
1.696227999999999980e+01;1.010210021972656250e+03;2.639999961853027344e+01;1.540000000000000000e+02
1.700437200000000004e+01;1.010219970703125000e+03;2.639999961853027344e+01;1.520000000000000000e+02
1.704645999999999972e+01;1.010229980468750000e+03;2.639999961853027344e+01;1.530000000000000000e+02
1.708853999999999829e+01;1.010250000000000000e+03;2.639999961853027344e+01;1.520000000000000000e+02
1.713065200000000132e+01;1.010179992675781250e+03;2.639999961853027344e+01;1.540000000000000000e+02
1.717274799999999857e+01;1.010239990234375000e+03;2.639999961853027344e+01;1.550000000000000000e+02
1.721483999999999881e+01;1.010320007324218750e+03;2.639999961853027344e+01;1.550000000000000000e+02
1.725695199999999829e+01;1.010289978027343750e+03;2.639999961853027344e+01;1.520000000000000000e+02
1.729905600000000021e+01;1.010250000000000000e+03;2.639999961853027344e+01;1.530000000000000000e+02
1.734115600000000157e+01;1.010179992675781250e+03;2.639999961853027344e+01;1.560000000000000000e+02
1.738325599999999937e+01;1.010219970703125000e+03;2.639999961853027344e+01;1.550000000000000000e+02
1.742534399999999906e+01;1.010190002441406250e+03;2.639999961853027344e+01;1.560000000000000000e+02
1.746742800000000173e+01;1.010190002441406250e+03;2.639999961853027344e+01;1.550000000000000000e+02
1.750952799999999954e+01;1.010210021972656250e+03;2.639999961853027344e+01;1.560000000000000000e+02
1.755163200000000145e+01;1.010190002441406250e+03;2.639999961853027344e+01;1.560000000000000000e+02
1.759372000000000114e+01;1.010239990234375000e+03;2.639999961853027344e+01;1.570000000000000000e+02
1.763583600000000118e+01;1.010179992675781250e+03;2.639999961853027344e+01;1.560000000000000000e+02
1.767793599999999898e+01;1.010219970703125000e+03;2.639999961853027344e+01;1.550000000000000000e+02
1.772004400000000146e+01;1.010190002441406250e+03;2.639999961853027344e+01;1.550000000000000000e+02
1.776213200000000114e+01;1.010210021972656250e+03;2.639999961853027344e+01;1.530000000000000000e+02
1.780421199999999970e+01;1.010210021972656250e+03;2.639999961853027344e+01;1.550000000000000000e+02
1.784629599999999883e+01;1.010219970703125000e+03;2.639999961853027344e+01;1.560000000000000000e+02
1.788839600000000019e+01;1.010159973144531250e+03;2.639999961853027344e+01;1.570000000000000000e+02
1.793050399999999911e+01;1.010219970703125000e+03;2.639999961853027344e+01;1.550000000000000000e+02
1.797259999999999991e+01;1.010219970703125000e+03;2.639999961853027344e+01;1.550000000000000000e+02
1.801471199999999939e+01;1.010210021972656250e+03;2.639999961853027344e+01;1.550000000000000000e+02
1.805681600000000131e+01;1.010200012207031250e+03;2.639999961853027344e+01;1.550000000000000000e+02
1.809890400000000099e+01;1.010190002441406250e+03;2.639999961853027344e+01;1.570000000000000000e+02
1.814100799999999936e+01;1.010210021972656250e+03;2.639999961853027344e+01;1.550000000000000000e+02
1.818311200000000127e+01;1.010210021972656250e+03;2.639999961853027344e+01;1.540000000000000000e+02
1.822519199999999984e+01;1.010150024414062500e+03;2.639999961853027344e+01;1.520000000000000000e+02
1.826729200000000120e+01;1.010210021972656250e+03;2.639999961853027344e+01;1.520000000000000000e+02
1.830940000000000012e+01;1.010190002441406250e+03;2.639999961853027344e+01;1.510000000000000000e+02
1.835150000000000148e+01;1.010150024414062500e+03;2.639999961853027344e+01;1.530000000000000000e+02
1.839361200000000096e+01;1.010229980468750000e+03;2.639999961853027344e+01;1.550000000000000000e+02
1.843571599999999933e+01;1.010219970703125000e+03;2.639999961853027344e+01;1.530000000000000000e+02
1.847783199999999937e+01;1.010159973144531250e+03;2.639999961853027344e+01;1.540000000000000000e+02
1.851992399999999961e+01;1.010190002441406250e+03;2.639999961853027344e+01;1.560000000000000000e+02
1.856200400000000172e+01;1.010229980468750000e+03;2.639999961853027344e+01;1.550000000000000000e+02
1.860407999999999973e+01;1.010250000000000000e+03;2.639999961853027344e+01;1.550000000000000000e+02
1.864617199999999997e+01;1.010200012207031250e+03;2.639999961853027344e+01;1.550000000000000000e+02
1.868826400000000021e+01;1.010250000000000000e+03;2.639999961853027344e+01;1.550000000000000000e+02
1.873036799999999857e+01;1.010270019531250000e+03;2.639999961853027344e+01;1.540000000000000000e+02
1.877245999999999881e+01;1.010210021972656250e+03;2.639999961853027344e+01;1.550000000000000000e+02
1.881456000000000017e+01;1.010219970703125000e+03;2.639999961853027344e+01;1.550000000000000000e+02
1.885666399999999854e+01;1.010250000000000000e+03;2.639999961853027344e+01;1.540000000000000000e+02
1.889876800000000046e+01;1.010210021972656250e+03;2.639999961853027344e+01;1.550000000000000000e+02
1.894086799999999826e+01;1.010229980468750000e+03;2.639999961853027344e+01;1.540000000000000000e+02
1.898295200000000094e+01;1.010219970703125000e+03;2.639999961853027344e+01;1.550000000000000000e+02
1.902505199999999874e+01;1.010190002441406250e+03;2.639999961853027344e+01;1.550000000000000000e+02
1.906714399999999898e+01;1.010229980468750000e+03;2.639999961853027344e+01;1.550000000000000000e+02
1.910925200000000146e+01;1.010190002441406250e+03;2.639999961853027344e+01;1.540000000000000000e+02
1.915134400000000170e+01;1.010190002441406250e+03;2.639999961853027344e+01;1.540000000000000000e+02
1.919344399999999951e+01;1.010200012207031250e+03;2.639999961853027344e+01;1.550000000000000000e+02
1.923553599999999975e+01;1.010219970703125000e+03;2.639999961853027344e+01;1.530000000000000000e+02
1.927763200000000055e+01;1.010219970703125000e+03;2.639999961853027344e+01;1.510000000000000000e+02
1.931972800000000134e+01;1.010179992675781250e+03;2.639999961853027344e+01;1.540000000000000000e+02
1.936182000000000158e+01;1.010190002441406250e+03;2.639999961853027344e+01;1.540000000000000000e+02
1.940391999999999939e+01;1.010219970703125000e+03;2.639999961853027344e+01;1.520000000000000000e+02
1.944602799999999831e+01;1.010190002441406250e+03;2.639999961853027344e+01;1.510000000000000000e+02
1.948811999999999856e+01;1.010239990234375000e+03;2.639999961853027344e+01;1.540000000000000000e+02
1.953023200000000159e+01;1.010260009765625000e+03;2.639999961853027344e+01;1.530000000000000000e+02
1.957232399999999828e+01;1.010210021972656250e+03;2.639999961853027344e+01;1.510000000000000000e+02
1.961443200000000076e+01;1.010169982910156250e+03;2.639999961853027344e+01;1.520000000000000000e+02
1.965653999999999968e+01;1.010219970703125000e+03;2.639999961853027344e+01;1.530000000000000000e+02
1.969862399999999880e+01;1.010210021972656250e+03;2.639999961853027344e+01;1.520000000000000000e+02
1.974070000000000036e+01;1.010219970703125000e+03;2.639999961853027344e+01;1.510000000000000000e+02
1.978279600000000116e+01;1.010260009765625000e+03;2.639999961853027344e+01;1.540000000000000000e+02
1.982489199999999840e+01;1.010210021972656250e+03;2.639999961853027344e+01;1.520000000000000000e+02
1.986700000000000088e+01;1.010200012207031250e+03;2.639999961853027344e+01;1.520000000000000000e+02
1.990910399999999925e+01;1.010229980468750000e+03;2.639999961853027344e+01;1.550000000000000000e+02
1.995119599999999949e+01;1.010260009765625000e+03;2.639999961853027344e+01;1.550000000000000000e+02
1.999329600000000084e+01;1.010200012207031250e+03;2.639999961853027344e+01;1.530000000000000000e+02
2.003539999999999921e+01;1.010190002441406250e+03;2.639999961853027344e+01;1.530000000000000000e+02
2.007748399999999833e+01;1.010239990234375000e+03;2.639999961853027344e+01;1.550000000000000000e+02
2.011955599999999933e+01;1.010219970703125000e+03;2.639999961853027344e+01;1.530000000000000000e+02
2.016164399999999901e+01;1.010250000000000000e+03;2.639999961853027344e+01;1.520000000000000000e+02
2.020375999999999905e+01;1.010200012207031250e+03;2.639999961853027344e+01;1.540000000000000000e+02
2.024585199999999929e+01;1.010229980468750000e+03;2.639999961853027344e+01;1.510000000000000000e+02
2.028795600000000121e+01;1.010200012207031250e+03;2.639999961853027344e+01;1.500000000000000000e+02
2.033005599999999902e+01;1.010239990234375000e+03;2.639999961853027344e+01;1.530000000000000000e+02
2.037216400000000149e+01;1.010229980468750000e+03;2.639999961853027344e+01;1.540000000000000000e+02
2.041426399999999930e+01;1.010260009765625000e+03;2.639999961853027344e+01;1.530000000000000000e+02
2.045635199999999898e+01;1.010219970703125000e+03;2.639999961853027344e+01;1.540000000000000000e+02
2.049842800000000054e+01;1.010210021972656250e+03;2.639999961853027344e+01;1.550000000000000000e+02
2.054051600000000022e+01;1.010280029296875000e+03;2.639999961853027344e+01;1.520000000000000000e+02
2.058261200000000102e+01;1.010229980468750000e+03;2.639999961853027344e+01;1.510000000000000000e+02
2.062470400000000126e+01;1.010190002441406250e+03;2.639999961853027344e+01;1.540000000000000000e+02
2.066678800000000038e+01;1.010219970703125000e+03;2.639999961853027344e+01;1.540000000000000000e+02
2.070888400000000118e+01;1.010250000000000000e+03;2.639999961853027344e+01;1.490000000000000000e+02
2.075098799999999954e+01;1.010200012207031250e+03;2.639999961853027344e+01;1.500000000000000000e+02
2.079308800000000090e+01;1.010229980468750000e+03;2.639999961853027344e+01;1.490000000000000000e+02
2.083518000000000114e+01;1.010190002441406250e+03;2.639999961853027344e+01;1.500000000000000000e+02
2.087725599999999915e+01;1.010219970703125000e+03;2.639999961853027344e+01;1.540000000000000000e+02
2.091933999999999827e+01;1.010210021972656250e+03;2.639999961853027344e+01;1.540000000000000000e+02
2.096143599999999907e+01;1.010250000000000000e+03;2.639999961853027344e+01;1.520000000000000000e+02
2.100354400000000155e+01;1.010179992675781250e+03;2.639999961853027344e+01;1.510000000000000000e+02
2.104562800000000067e+01;1.010239990234375000e+03;2.639999961853027344e+01;1.540000000000000000e+02
2.108772799999999847e+01;1.010239990234375000e+03;2.639999961853027344e+01;1.540000000000000000e+02
2.112983200000000039e+01;1.010239990234375000e+03;2.639999961853027344e+01;1.520000000000000000e+02
2.117193599999999876e+01;1.010190002441406250e+03;2.639999961853027344e+01;1.540000000000000000e+02
2.121404000000000067e+01;1.010229980468750000e+03;2.639999961853027344e+01;1.550000000000000000e+02
2.125612800000000036e+01;1.010179992675781250e+03;2.639999961853027344e+01;1.530000000000000000e+02
2.129822000000000060e+01;1.010130004882812500e+03;2.639999961853027344e+01;1.510000000000000000e+02
2.134031200000000084e+01;1.010179992675781250e+03;2.639999961853027344e+01;1.520000000000000000e+02
2.138241999999999976e+01;1.010190002441406250e+03;2.639999961853027344e+01;1.510000000000000000e+02
2.142450799999999944e+01;1.010229980468750000e+03;2.639999961853027344e+01;1.510000000000000000e+02
2.146661999999999892e+01;1.010219970703125000e+03;2.639999961853027344e+01;1.560000000000000000e+02
2.150872800000000140e+01;1.010169982910156250e+03;2.639999961853027344e+01;1.560000000000000000e+02
2.155083199999999977e+01;1.010169982910156250e+03;2.639999961853027344e+01;1.550000000000000000e+02
2.159293200000000112e+01;1.010229980468750000e+03;2.639999961853027344e+01;1.540000000000000000e+02
2.163501199999999969e+01;1.010219970703125000e+03;2.639999961853027344e+01;1.550000000000000000e+02
2.167709999999999937e+01;1.010239990234375000e+03;2.639999961853027344e+01;1.550000000000000000e+02
2.171919600000000017e+01;1.010210021972656250e+03;2.639999961853027344e+01;1.550000000000000000e+02
2.176130399999999909e+01;1.010169982910156250e+03;2.639999961853027344e+01;1.560000000000000000e+02
2.180339199999999877e+01;1.010219970703125000e+03;2.639999961853027344e+01;1.560000000000000000e+02
2.184549200000000013e+01;1.010190002441406250e+03;2.639999961853027344e+01;1.540000000000000000e+02
2.188759999999999906e+01;1.010239990234375000e+03;2.639999961853027344e+01;1.550000000000000000e+02
2.192970400000000097e+01;1.010210021972656250e+03;2.639999961853027344e+01;1.570000000000000000e+02
2.197180000000000177e+01;1.010190002441406250e+03;2.639999961853027344e+01;1.570000000000000000e+02
2.201388800000000145e+01;1.010239990234375000e+03;2.639999961853027344e+01;1.540000000000000000e+02
2.205597600000000114e+01;1.010219970703125000e+03;2.639999961853027344e+01;1.550000000000000000e+02
2.209807599999999894e+01;1.010210021972656250e+03;2.639999961853027344e+01;1.570000000000000000e+02
2.214018400000000142e+01;1.010210021972656250e+03;2.639999961853027344e+01;1.570000000000000000e+02
2.218227600000000166e+01;1.010200012207031250e+03;2.639999961853027344e+01;1.540000000000000000e+02
2.222437199999999891e+01;1.010219970703125000e+03;2.639999961853027344e+01;1.540000000000000000e+02
2.226648399999999839e+01;1.010190002441406250e+03;2.639999961853027344e+01;1.550000000000000000e+02
2.230859200000000087e+01;1.010260009765625000e+03;2.639999961853027344e+01;1.540000000000000000e+02
2.235067599999999999e+01;1.010239990234375000e+03;2.639999961853027344e+01;1.560000000000000000e+02
2.239275599999999855e+01;1.010210021972656250e+03;2.639999961853027344e+01;1.570000000000000000e+02
2.243484799999999879e+01;1.010200012207031250e+03;2.639999961853027344e+01;1.540000000000000000e+02
2.247694800000000015e+01;1.010099975585937500e+03;2.639999961853027344e+01;1.540000000000000000e+02
2.251904800000000151e+01;1.010200012207031250e+03;2.639999961853027344e+01;1.530000000000000000e+02
2.256114399999999875e+01;1.010210021972656250e+03;2.639999961853027344e+01;1.550000000000000000e+02
2.260324400000000011e+01;1.010159973144531250e+03;2.639999961853027344e+01;1.550000000000000000e+02
2.264536000000000016e+01;1.010169982910156250e+03;2.639999961853027344e+01;1.550000000000000000e+02
2.268746799999999908e+01;1.010140014648437500e+03;2.639999961853027344e+01;1.550000000000000000e+02
2.272955599999999876e+01;1.010200012207031250e+03;2.639999961853027344e+01;1.550000000000000000e+02
2.277164399999999844e+01;1.010179992675781250e+03;2.639999961853027344e+01;1.560000000000000000e+02
2.281373999999999924e+01;1.010150024414062500e+03;2.639999961853027344e+01;1.540000000000000000e+02
2.285584000000000060e+01;1.010140014648437500e+03;2.639999961853027344e+01;1.540000000000000000e+02
2.289794399999999897e+01;1.010080017089843750e+03;2.639999961853027344e+01;1.540000000000000000e+02
2.294002800000000164e+01;1.010200012207031250e+03;2.639999961853027344e+01;1.540000000000000000e+02
2.298212799999999945e+01;1.010169982910156250e+03;2.639999961853027344e+01;1.510000000000000000e+02
2.302423999999999893e+01;1.010150024414062500e+03;2.639999961853027344e+01;1.510000000000000000e+02
2.306634400000000085e+01;1.010159973144531250e+03;2.639999961853027344e+01;1.500000000000000000e+02
2.310844399999999865e+01;1.010109985351562500e+03;2.639999961853027344e+01;1.510000000000000000e+02
2.315053199999999833e+01;1.010200012207031250e+03;2.639999961853027344e+01;1.540000000000000000e+02
2.319261200000000045e+01;1.010150024414062500e+03;2.639999961853027344e+01;1.520000000000000000e+02
2.323471599999999881e+01;1.010219970703125000e+03;2.639999961853027344e+01;1.540000000000000000e+02
2.327682400000000129e+01;1.010159973144531250e+03;2.639999961853027344e+01;1.520000000000000000e+02
2.331892399999999910e+01;1.010179992675781250e+03;2.639999961853027344e+01;1.530000000000000000e+02
2.336102800000000101e+01;1.010179992675781250e+03;2.639999961853027344e+01;1.520000000000000000e+02
2.340312399999999826e+01;1.010200012207031250e+03;2.639999961853027344e+01;1.500000000000000000e+02
2.344522399999999962e+01;1.010200012207031250e+03;2.639999961853027344e+01;1.520000000000000000e+02
2.348730799999999874e+01;1.010119995117187500e+03;2.639999961853027344e+01;1.530000000000000000e+02
2.352939599999999842e+01;1.010179992675781250e+03;2.639999961853027344e+01;1.530000000000000000e+02
2.357147199999999998e+01;1.010119995117187500e+03;2.639999961853027344e+01;1.530000000000000000e+02
2.361357999999999890e+01;1.010169982910156250e+03;2.639999961853027344e+01;1.540000000000000000e+02
2.365568800000000138e+01;1.010179992675781250e+03;2.639999961853027344e+01;1.540000000000000000e+02
2.369779199999999975e+01;1.010239990234375000e+03;2.639999961853027344e+01;1.510000000000000000e+02
2.373990799999999979e+01;1.010130004882812500e+03;2.639999961853027344e+01;1.510000000000000000e+02
2.378201599999999871e+01;1.010229980468750000e+03;2.639999961853027344e+01;1.510000000000000000e+02
2.382411199999999951e+01;1.010239990234375000e+03;2.639999961853027344e+01;1.530000000000000000e+02
2.386620800000000031e+01;1.010169982910156250e+03;2.639999961853027344e+01;1.520000000000000000e+02
2.390830400000000111e+01;1.010210021972656250e+03;2.639999961853027344e+01;1.530000000000000000e+02
2.395038399999999967e+01;1.010210021972656250e+03;2.639999961853027344e+01;1.530000000000000000e+02
2.399248000000000047e+01;1.010150024414062500e+03;2.639999961853027344e+01;1.540000000000000000e+02
2.403458399999999884e+01;1.010200012207031250e+03;2.639999961853027344e+01;1.570000000000000000e+02
2.407666800000000151e+01;1.010210021972656250e+03;2.639999961853027344e+01;1.560000000000000000e+02
2.411878000000000100e+01;1.010200012207031250e+03;2.639999961853027344e+01;1.550000000000000000e+02
2.416087200000000124e+01;1.010200012207031250e+03;2.639999961853027344e+01;1.570000000000000000e+02
2.420295199999999980e+01;1.010239990234375000e+03;2.639999961853027344e+01;1.570000000000000000e+02
2.424506399999999928e+01;1.010219970703125000e+03;2.639999961853027344e+01;1.570000000000000000e+02
2.428716000000000008e+01;1.010210021972656250e+03;2.650000000000000000e+01;1.560000000000000000e+02
2.432924399999999920e+01;1.010169982910156250e+03;2.639999961853027344e+01;1.570000000000000000e+02
2.437135999999999925e+01;1.010210021972656250e+03;2.639999961853027344e+01;1.580000000000000000e+02
2.441346000000000060e+01;1.010200012207031250e+03;2.639999961853027344e+01;1.600000000000000000e+02
2.445554800000000029e+01;1.010229980468750000e+03;2.639999961853027344e+01;1.590000000000000000e+02
2.449765999999999977e+01;1.010200012207031250e+03;2.639999961853027344e+01;1.590000000000000000e+02
2.453976000000000113e+01;1.010169982910156250e+03;2.639999961853027344e+01;1.570000000000000000e+02
2.458185599999999837e+01;1.010229980468750000e+03;2.639999961853027344e+01;1.560000000000000000e+02
2.462396000000000029e+01;1.010200012207031250e+03;2.639999961853027344e+01;1.540000000000000000e+02
2.466603599999999830e+01;1.010150024414062500e+03;2.639999961853027344e+01;1.550000000000000000e+02
2.470812400000000153e+01;1.010210021972656250e+03;2.639999961853027344e+01;1.560000000000000000e+02
2.475024000000000157e+01;1.010250000000000000e+03;2.639999961853027344e+01;1.530000000000000000e+02
2.479233999999999938e+01;1.010219970703125000e+03;2.639999961853027344e+01;1.520000000000000000e+02
2.483443199999999962e+01;1.010200012207031250e+03;2.639999961853027344e+01;1.540000000000000000e+02
2.487652399999999986e+01;1.010179992675781250e+03;2.639999961853027344e+01;1.540000000000000000e+02
2.491861600000000010e+01;1.010169982910156250e+03;2.639999961853027344e+01;1.550000000000000000e+02
2.496071999999999846e+01;1.010210021972656250e+03;2.639999961853027344e+01;1.540000000000000000e+02
2.500282800000000094e+01;1.010169982910156250e+03;2.639999961853027344e+01;1.550000000000000000e+02
2.504492400000000174e+01;1.010179992675781250e+03;2.639999961853027344e+01;1.560000000000000000e+02
2.508700400000000030e+01;1.010179992675781250e+03;2.639999961853027344e+01;1.550000000000000000e+02
2.512910799999999867e+01;1.010119995117187500e+03;2.639999961853027344e+01;1.550000000000000000e+02
2.517122000000000170e+01;1.010159973144531250e+03;2.639999961853027344e+01;1.540000000000000000e+02
2.521331199999999839e+01;1.010200012207031250e+03;2.639999961853027344e+01;1.540000000000000000e+02
2.525540000000000163e+01;1.010219970703125000e+03;2.639999961853027344e+01;1.560000000000000000e+02
2.529750800000000055e+01;1.010210021972656250e+03;2.639999961853027344e+01;1.560000000000000000e+02
2.533960000000000079e+01;1.010190002441406250e+03;2.639999961853027344e+01;1.560000000000000000e+02
2.538169600000000159e+01;1.010210021972656250e+03;2.639999961853027344e+01;1.550000000000000000e+02
2.542379599999999940e+01;1.010179992675781250e+03;2.639999961853027344e+01;1.560000000000000000e+02
2.546588799999999964e+01;1.010200012207031250e+03;2.639999961853027344e+01;1.550000000000000000e+02
2.550797999999999988e+01;1.010130004882812500e+03;2.639999961853027344e+01;1.570000000000000000e+02
2.555008799999999880e+01;1.010179992675781250e+03;2.639999961853027344e+01;1.560000000000000000e+02
2.559218399999999960e+01;1.010150024414062500e+03;2.639999961853027344e+01;1.550000000000000000e+02
2.563429599999999908e+01;1.010119995117187500e+03;2.639999961853027344e+01;1.550000000000000000e+02
2.567638399999999876e+01;1.010150024414062500e+03;2.639999961853027344e+01;1.560000000000000000e+02
2.571848400000000012e+01;1.010210021972656250e+03;2.650000000000000000e+01;1.550000000000000000e+02
2.576058799999999849e+01;1.010179992675781250e+03;2.639999961853027344e+01;1.520000000000000000e+02
2.580267200000000116e+01;1.010150024414062500e+03;2.650000000000000000e+01;1.520000000000000000e+02
2.584476400000000140e+01;1.010159973144531250e+03;2.639999961853027344e+01;1.540000000000000000e+02
2.588686399999999921e+01;1.010169982910156250e+03;2.639999961853027344e+01;1.540000000000000000e+02
2.592897200000000169e+01;1.010219970703125000e+03;2.639999961853027344e+01;1.540000000000000000e+02
2.597106799999999893e+01;1.010210021972656250e+03;2.639999961853027344e+01;1.530000000000000000e+02
2.601317999999999842e+01;1.010150024414062500e+03;2.639999961853027344e+01;1.540000000000000000e+02
2.605527199999999866e+01;1.010210021972656250e+03;2.639999961853027344e+01;1.540000000000000000e+02
2.609738000000000113e+01;1.010239990234375000e+03;2.639999961853027344e+01;1.550000000000000000e+02
2.613946800000000081e+01;1.010169982910156250e+03;2.639999961853027344e+01;1.540000000000000000e+02
2.618156400000000161e+01;1.010210021972656250e+03;2.639999961853027344e+01;1.550000000000000000e+02
2.622364400000000018e+01;1.010179992675781250e+03;2.639999961853027344e+01;1.560000000000000000e+02
2.626574400000000153e+01;1.010179992675781250e+03;2.650000000000000000e+01;1.550000000000000000e+02
2.630782800000000066e+01;1.010150024414062500e+03;2.639999961853027344e+01;1.570000000000000000e+02
2.634994000000000014e+01;1.010150024414062500e+03;2.639999961853027344e+01;1.580000000000000000e+02
2.639204799999999906e+01;1.010210021972656250e+03;2.639999961853027344e+01;1.590000000000000000e+02
2.643414399999999986e+01;1.010200012207031250e+03;2.650000000000000000e+01;1.570000000000000000e+02
2.647622799999999899e+01;1.010179992675781250e+03;2.639999961853027344e+01;1.560000000000000000e+02
2.651834799999999959e+01;1.010179992675781250e+03;2.639999961853027344e+01;1.570000000000000000e+02
2.656043599999999927e+01;1.010190002441406250e+03;2.639999961853027344e+01;1.530000000000000000e+02
2.660252399999999895e+01;1.010179992675781250e+03;2.639999961853027344e+01;1.520000000000000000e+02
2.664462800000000087e+01;1.010169982910156250e+03;2.639999961853027344e+01;1.510000000000000000e+02
2.668673599999999979e+01;1.010169982910156250e+03;2.639999961853027344e+01;1.540000000000000000e+02
2.672883200000000059e+01;1.010179992675781250e+03;2.639999961853027344e+01;1.520000000000000000e+02
2.677093999999999951e+01;1.010159973144531250e+03;2.639999961853027344e+01;1.510000000000000000e+02
2.681304400000000143e+01;1.010200012207031250e+03;2.639999961853027344e+01;1.500000000000000000e+02
2.685513200000000111e+01;1.010159973144531250e+03;2.639999961853027344e+01;1.500000000000000000e+02
2.689723599999999948e+01;1.010140014648437500e+03;2.639999961853027344e+01;1.510000000000000000e+02
2.693932399999999916e+01;1.010219970703125000e+03;2.639999961853027344e+01;1.500000000000000000e+02
2.698141199999999884e+01;1.010200012207031250e+03;2.639999961853027344e+01;1.490000000000000000e+02
2.702350799999999964e+01;1.010179992675781250e+03;2.650000000000000000e+01;1.470000000000000000e+02
2.706561200000000156e+01;1.010179992675781250e+03;2.639999961853027344e+01;1.490000000000000000e+02
2.710770399999999825e+01;1.010179992675781250e+03;2.639999961853027344e+01;1.520000000000000000e+02
2.714980800000000016e+01;1.010210021972656250e+03;2.639999961853027344e+01;1.520000000000000000e+02
2.719191999999999965e+01;1.010140014648437500e+03;2.639999961853027344e+01;1.500000000000000000e+02
2.723402400000000156e+01;1.010190002441406250e+03;2.639999961853027344e+01;1.490000000000000000e+02
2.727610800000000069e+01;1.010169982910156250e+03;2.639999961853027344e+01;1.520000000000000000e+02
2.731819600000000037e+01;1.010179992675781250e+03;2.650000000000000000e+01;1.520000000000000000e+02
2.736028800000000061e+01;1.010130004882812500e+03;2.639999961853027344e+01;1.520000000000000000e+02
2.740238400000000141e+01;1.010169982910156250e+03;2.639999961853027344e+01;1.550000000000000000e+02
2.744449200000000033e+01;1.010190002441406250e+03;2.639999961853027344e+01;1.530000000000000000e+02
2.748658400000000057e+01;1.010210021972656250e+03;2.650000000000000000e+01;1.510000000000000000e+02
2.752868399999999838e+01;1.010179992675781250e+03;2.650000000000000000e+01;1.510000000000000000e+02
2.757078399999999974e+01;1.010169982910156250e+03;2.650000000000000000e+01;1.550000000000000000e+02
2.761288400000000109e+01;1.010179992675781250e+03;2.650000000000000000e+01;1.530000000000000000e+02
2.765496800000000022e+01;1.010179992675781250e+03;2.639999961853027344e+01;1.520000000000000000e+02
2.769706000000000046e+01;1.010150024414062500e+03;2.639999961853027344e+01;1.550000000000000000e+02
2.773912800000000090e+01;1.010140014648437500e+03;2.639999961853027344e+01;1.540000000000000000e+02
2.778124400000000094e+01;1.010190002441406250e+03;2.639999961853027344e+01;1.530000000000000000e+02
2.782334399999999874e+01;1.010090026855468750e+03;2.639999961853027344e+01;1.530000000000000000e+02
2.786544800000000066e+01;1.010169982910156250e+03;2.639999961853027344e+01;1.550000000000000000e+02
2.790756000000000014e+01;1.010179992675781250e+03;2.650000000000000000e+01;1.520000000000000000e+02
2.794966399999999851e+01;1.010150024414062500e+03;2.639999961853027344e+01;1.520000000000000000e+02
2.799177200000000099e+01;1.010140014648437500e+03;2.639999961853027344e+01;1.550000000000000000e+02
2.803387199999999879e+01;1.010200012207031250e+03;2.650000000000000000e+01;1.560000000000000000e+02
2.807596399999999903e+01;1.010169982910156250e+03;2.650000000000000000e+01;1.560000000000000000e+02
2.811805199999999871e+01;1.010159973144531250e+03;2.639999961853027344e+01;1.530000000000000000e+02
2.816015200000000007e+01;1.010169982910156250e+03;2.639999961853027344e+01;1.540000000000000000e+02
2.820225999999999900e+01;1.010210021972656250e+03;2.639999961853027344e+01;1.540000000000000000e+02
2.824435199999999924e+01;1.010150024414062500e+03;2.650000000000000000e+01;1.550000000000000000e+02
2.828647199999999984e+01;1.010219970703125000e+03;2.639999961853027344e+01;1.550000000000000000e+02
2.832856400000000008e+01;1.010159973144531250e+03;2.639999961853027344e+01;1.540000000000000000e+02
2.837066000000000088e+01;1.010150024414062500e+03;2.650000000000000000e+01;1.550000000000000000e+02
2.841275200000000112e+01;1.010150024414062500e+03;2.639999961853027344e+01;1.560000000000000000e+02
2.845484000000000080e+01;1.010159973144531250e+03;2.650000000000000000e+01;1.570000000000000000e+02
2.849693200000000104e+01;1.010140014648437500e+03;2.650000000000000000e+01;1.540000000000000000e+02
2.853903599999999940e+01;1.010179992675781250e+03;2.650000000000000000e+01;1.540000000000000000e+02
2.858114000000000132e+01;1.010140014648437500e+03;2.650000000000000000e+01;1.550000000000000000e+02
2.862323200000000156e+01;1.010179992675781250e+03;2.650000000000000000e+01;1.550000000000000000e+02
2.866534400000000105e+01;1.010159973144531250e+03;2.650000000000000000e+01;1.570000000000000000e+02
2.870743999999999829e+01;1.010179992675781250e+03;2.650000000000000000e+01;1.570000000000000000e+02
2.874952400000000097e+01;1.010210021972656250e+03;2.639999961853027344e+01;1.550000000000000000e+02
2.879163199999999989e+01;1.010190002441406250e+03;2.650000000000000000e+01;1.520000000000000000e+02
2.883371599999999901e+01;1.010109985351562500e+03;2.650000000000000000e+01;1.530000000000000000e+02
2.887580399999999869e+01;1.010119995117187500e+03;2.639999961853027344e+01;1.550000000000000000e+02
2.891791200000000117e+01;1.010179992675781250e+03;2.639999961853027344e+01;1.540000000000000000e+02
2.896002000000000010e+01;1.010169982910156250e+03;2.650000000000000000e+01;1.520000000000000000e+02
2.900210799999999978e+01;1.010169982910156250e+03;2.639999961853027344e+01;1.530000000000000000e+02
2.904421999999999926e+01;1.010179992675781250e+03;2.650000000000000000e+01;1.550000000000000000e+02
2.908632000000000062e+01;1.010210021972656250e+03;2.650000000000000000e+01;1.540000000000000000e+02
2.912841999999999842e+01;1.010179992675781250e+03;2.650000000000000000e+01;1.550000000000000000e+02
2.917051199999999866e+01;1.010179992675781250e+03;2.639999961853027344e+01;1.560000000000000000e+02
2.921259600000000134e+01;1.010219970703125000e+03;2.650000000000000000e+01;1.560000000000000000e+02
2.925468400000000102e+01;1.010190002441406250e+03;2.650000000000000000e+01;1.550000000000000000e+02
2.929677999999999827e+01;1.010169982910156250e+03;2.650000000000000000e+01;1.550000000000000000e+02
2.933888400000000019e+01;1.010219970703125000e+03;2.650000000000000000e+01;1.550000000000000000e+02
2.938098799999999855e+01;1.010200012207031250e+03;2.650000000000000000e+01;1.540000000000000000e+02
2.942308399999999935e+01;1.010140014648437500e+03;2.639999961853027344e+01;1.540000000000000000e+02
2.946517599999999959e+01;1.010140014648437500e+03;2.639999961853027344e+01;1.550000000000000000e+02
2.950728000000000151e+01;1.010150024414062500e+03;2.639999961853027344e+01;1.550000000000000000e+02
2.954937999999999931e+01;1.010150024414062500e+03;2.650000000000000000e+01;1.560000000000000000e+02
2.959148400000000123e+01;1.010150024414062500e+03;2.650000000000000000e+01;1.540000000000000000e+02
2.963357999999999848e+01;1.010159973144531250e+03;2.639999961853027344e+01;1.560000000000000000e+02
2.967567999999999984e+01;1.010169982910156250e+03;2.639999961853027344e+01;1.570000000000000000e+02
2.971778400000000175e+01;1.010169982910156250e+03;2.639999961853027344e+01;1.560000000000000000e+02
2.975986800000000088e+01;1.010140014648437500e+03;2.650000000000000000e+01;1.560000000000000000e+02
2.980195600000000056e+01;1.010169982910156250e+03;2.650000000000000000e+01;1.560000000000000000e+02
2.984405999999999892e+01;1.010169982910156250e+03;2.650000000000000000e+01;1.560000000000000000e+02
2.988615199999999916e+01;1.010179992675781250e+03;2.639999961853027344e+01;1.550000000000000000e+02
2.992824799999999996e+01;1.010150024414062500e+03;2.639999961853027344e+01;1.550000000000000000e+02
2.997035599999999889e+01;1.010140014648437500e+03;2.650000000000000000e+01;1.550000000000000000e+02
3.001244399999999857e+01;1.010190002441406250e+03;2.650000000000000000e+01;1.540000000000000000e+02
3.005454800000000048e+01;1.010140014648437500e+03;2.639999961853027344e+01;1.540000000000000000e+02
3.009665599999999941e+01;1.010169982910156250e+03;2.650000000000000000e+01;1.530000000000000000e+02
3.013874799999999965e+01;1.010140014648437500e+03;2.650000000000000000e+01;1.530000000000000000e+02
3.018086800000000025e+01;1.010159973144531250e+03;2.639999961853027344e+01;1.530000000000000000e+02
3.022296400000000105e+01;1.010179992675781250e+03;2.650000000000000000e+01;1.530000000000000000e+02
3.026505200000000073e+01;1.010130004882812500e+03;2.650000000000000000e+01;1.520000000000000000e+02
3.030715199999999854e+01;1.010140014648437500e+03;2.639999961853027344e+01;1.530000000000000000e+02
3.034925199999999990e+01;1.010130004882812500e+03;2.650000000000000000e+01;1.550000000000000000e+02
3.039133599999999902e+01;1.010090026855468750e+03;2.650000000000000000e+01;1.550000000000000000e+02
3.043343199999999982e+01;1.010099975585937500e+03;2.650000000000000000e+01;1.550000000000000000e+02
3.047552800000000062e+01;1.010200012207031250e+03;2.650000000000000000e+01;1.540000000000000000e+02
3.051762799999999842e+01;1.010190002441406250e+03;2.650000000000000000e+01;1.540000000000000000e+02
3.055971999999999866e+01;1.010169982910156250e+03;2.650000000000000000e+01;1.530000000000000000e+02
3.060182800000000114e+01;1.010169982910156250e+03;2.650000000000000000e+01;1.520000000000000000e+02
3.064393199999999950e+01;1.010130004882812500e+03;2.650000000000000000e+01;1.530000000000000000e+02
3.068602800000000030e+01;1.010090026855468750e+03;2.650000000000000000e+01;1.540000000000000000e+02
3.072811599999999999e+01;1.010159973144531250e+03;2.650000000000000000e+01;1.530000000000000000e+02
3.077021200000000078e+01;1.010200012207031250e+03;2.650000000000000000e+01;1.490000000000000000e+02
3.081231599999999915e+01;1.010190002441406250e+03;2.650000000000000000e+01;1.510000000000000000e+02
3.085442000000000107e+01;1.010150024414062500e+03;2.639999961853027344e+01;1.520000000000000000e+02
3.089652399999999943e+01;1.010169982910156250e+03;2.639999961853027344e+01;1.510000000000000000e+02
3.093863599999999892e+01;1.010179992675781250e+03;2.650000000000000000e+01;1.510000000000000000e+02
3.098074400000000139e+01;1.010150024414062500e+03;2.650000000000000000e+01;1.520000000000000000e+02
3.102283200000000107e+01;1.010169982910156250e+03;2.650000000000000000e+01;1.520000000000000000e+02
3.106493199999999888e+01;1.010130004882812500e+03;2.639999961853027344e+01;1.520000000000000000e+02
3.110701600000000155e+01;1.010210021972656250e+03;2.650000000000000000e+01;1.550000000000000000e+02
3.114909600000000012e+01;1.010150024414062500e+03;2.650000000000000000e+01;1.550000000000000000e+02
3.119119600000000148e+01;1.010150024414062500e+03;2.650000000000000000e+01;1.550000000000000000e+02
3.123329999999999984e+01;1.010200012207031250e+03;2.650000000000000000e+01;1.540000000000000000e+02
3.127538799999999952e+01;1.010179992675781250e+03;2.650000000000000000e+01;1.540000000000000000e+02
3.131748400000000032e+01;1.010140014648437500e+03;2.650000000000000000e+01;1.540000000000000000e+02
3.135958400000000168e+01;1.010150024414062500e+03;2.639999961853027344e+01;1.560000000000000000e+02
3.140168800000000005e+01;1.010159973144531250e+03;2.650000000000000000e+01;1.570000000000000000e+02
3.144378400000000084e+01;1.010159973144531250e+03;2.639999961853027344e+01;1.560000000000000000e+02
3.148588399999999865e+01;1.010179992675781250e+03;2.650000000000000000e+01;1.570000000000000000e+02
3.152796400000000077e+01;1.010169982910156250e+03;2.650000000000000000e+01;1.560000000000000000e+02
3.157006399999999857e+01;1.010200012207031250e+03;2.650000000000000000e+01;1.540000000000000000e+02
3.161215999999999937e+01;1.010140014648437500e+03;2.650000000000000000e+01;1.560000000000000000e+02
3.165427599999999941e+01;1.010140014648437500e+03;2.650000000000000000e+01;1.560000000000000000e+02
3.169638799999999890e+01;1.010179992675781250e+03;2.650000000000000000e+01;1.540000000000000000e+02
3.173848399999999970e+01;1.010179992675781250e+03;2.650000000000000000e+01;1.520000000000000000e+02
3.178058000000000050e+01;1.010159973144531250e+03;2.650000000000000000e+01;1.520000000000000000e+02
3.182266800000000018e+01;1.010190002441406250e+03;2.650000000000000000e+01;1.550000000000000000e+02
3.186475199999999930e+01;1.010190002441406250e+03;2.650000000000000000e+01;1.530000000000000000e+02
3.190684399999999954e+01;1.010150024414062500e+03;2.639999961853027344e+01;1.530000000000000000e+02
3.194895199999999846e+01;1.010159973144531250e+03;2.650000000000000000e+01;1.550000000000000000e+02
3.199105600000000038e+01;1.010190002441406250e+03;2.650000000000000000e+01;1.550000000000000000e+02
3.203315200000000118e+01;1.010179992675781250e+03;2.639999961853027344e+01;1.530000000000000000e+02
3.207526800000000122e+01;1.010140014648437500e+03;2.639999961853027344e+01;1.540000000000000000e+02
3.211737600000000015e+01;1.010200012207031250e+03;2.639999961853027344e+01;1.550000000000000000e+02
3.215945599999999871e+01;1.010159973144531250e+03;2.650000000000000000e+01;1.550000000000000000e+02
3.220154800000000250e+01;1.010169982910156250e+03;2.650000000000000000e+01;1.550000000000000000e+02
3.224363199999999807e+01;1.010159973144531250e+03;2.650000000000000000e+01;1.550000000000000000e+02
3.228572400000000187e+01;1.010169982910156250e+03;2.639999961853027344e+01;1.550000000000000000e+02
3.232783599999999780e+01;1.010219970703125000e+03;2.650000000000000000e+01;1.540000000000000000e+02
3.236994800000000083e+01;1.010190002441406250e+03;2.650000000000000000e+01;1.550000000000000000e+02
3.241203999999999752e+01;1.010109985351562500e+03;2.650000000000000000e+01;1.550000000000000000e+02
3.245415200000000056e+01;1.010140014648437500e+03;2.650000000000000000e+01;1.560000000000000000e+02
3.249625999999999948e+01;1.010140014648437500e+03;2.639999961853027344e+01;1.570000000000000000e+02
3.253834799999999916e+01;1.010179992675781250e+03;2.650000000000000000e+01;1.560000000000000000e+02
3.258044399999999996e+01;1.010119995117187500e+03;2.639999961853027344e+01;1.560000000000000000e+02
3.262252800000000263e+01;1.010119995117187500e+03;2.650000000000000000e+01;1.560000000000000000e+02
3.266461600000000232e+01;1.010099975585937500e+03;2.650000000000000000e+01;1.570000000000000000e+02
3.270672400000000124e+01;1.010109985351562500e+03;2.650000000000000000e+01;1.560000000000000000e+02
3.274881599999999793e+01;1.010119995117187500e+03;2.650000000000000000e+01;1.560000000000000000e+02
3.279091199999999873e+01;1.010150024414062500e+03;2.650000000000000000e+01;1.540000000000000000e+02
3.283303599999999989e+01;1.010109985351562500e+03;2.650000000000000000e+01;1.540000000000000000e+02
3.287513599999999769e+01;1.010080017089843750e+03;2.639999961853027344e+01;1.560000000000000000e+02
3.291723600000000260e+01;1.010119995117187500e+03;2.650000000000000000e+01;1.550000000000000000e+02
3.295932400000000229e+01;1.010190002441406250e+03;2.650000000000000000e+01;1.540000000000000000e+02
3.300139999999999674e+01;1.010150024414062500e+03;2.639999961853027344e+01;1.530000000000000000e+02
3.304349200000000053e+01;1.010109985351562500e+03;2.650000000000000000e+01;1.520000000000000000e+02
3.308559999999999945e+01;1.010119995117187500e+03;2.650000000000000000e+01;1.540000000000000000e+02
3.312769999999999726e+01;1.010140014648437500e+03;2.650000000000000000e+01;1.530000000000000000e+02
3.316980000000000217e+01;1.010140014648437500e+03;2.650000000000000000e+01;1.530000000000000000e+02
3.321190800000000110e+01;1.010090026855468750e+03;2.650000000000000000e+01;1.530000000000000000e+02
3.325398799999999966e+01;1.010140014648437500e+03;2.650000000000000000e+01;1.540000000000000000e+02
3.329608000000000345e+01;1.010130004882812500e+03;2.650000000000000000e+01;1.560000000000000000e+02
3.333817599999999715e+01;1.010159973144531250e+03;2.650000000000000000e+01;1.550000000000000000e+02
3.338026399999999683e+01;1.010119995117187500e+03;2.650000000000000000e+01;1.560000000000000000e+02
3.342234799999999950e+01;1.010150024414062500e+03;2.650000000000000000e+01;1.560000000000000000e+02
3.346446000000000254e+01;1.010210021972656250e+03;2.650000000000000000e+01;1.560000000000000000e+02
3.350656000000000034e+01;1.010140014648437500e+03;2.650000000000000000e+01;1.550000000000000000e+02
3.354866400000000226e+01;1.010140014648437500e+03;2.650000000000000000e+01;1.560000000000000000e+02
3.359076799999999707e+01;1.010150024414062500e+03;2.650000000000000000e+01;1.570000000000000000e+02
3.363288000000000011e+01;1.010169982910156250e+03;2.650000000000000000e+01;1.560000000000000000e+02
3.367497199999999680e+01;1.010169982910156250e+03;2.639999961853027344e+01;1.590000000000000000e+02
3.371706799999999760e+01;1.010159973144531250e+03;2.650000000000000000e+01;1.570000000000000000e+02
3.375915599999999728e+01;1.010119995117187500e+03;2.650000000000000000e+01;1.550000000000000000e+02
3.380122800000000183e+01;1.010140014648437500e+03;2.650000000000000000e+01;1.560000000000000000e+02
3.384332400000000263e+01;1.010239990234375000e+03;2.650000000000000000e+01;1.560000000000000000e+02
3.388543599999999856e+01;1.010169982910156250e+03;2.650000000000000000e+01;1.560000000000000000e+02
3.392754000000000048e+01;1.010200012207031250e+03;2.650000000000000000e+01;1.550000000000000000e+02
3.396962800000000016e+01;1.010169982910156250e+03;2.650000000000000000e+01;1.580000000000000000e+02
3.401171999999999684e+01;1.010169982910156250e+03;2.650000000000000000e+01;1.560000000000000000e+02
3.405383199999999988e+01;1.010210021972656250e+03;2.650000000000000000e+01;1.540000000000000000e+02
3.409592800000000068e+01;1.010130004882812500e+03;2.650000000000000000e+01;1.550000000000000000e+02
3.413801999999999737e+01;1.010179992675781250e+03;2.650000000000000000e+01;1.560000000000000000e+02
3.418010799999999705e+01;1.010150024414062500e+03;2.650000000000000000e+01;1.560000000000000000e+02
3.422220399999999785e+01;1.010109985351562500e+03;2.650000000000000000e+01;1.540000000000000000e+02
3.426431600000000088e+01;1.010140014648437500e+03;2.650000000000000000e+01;1.550000000000000000e+02
3.430642000000000280e+01;1.010150024414062500e+03;2.650000000000000000e+01;1.540000000000000000e+02
3.434852399999999761e+01;1.010140014648437500e+03;2.650000000000000000e+01;1.550000000000000000e+02
3.439062400000000252e+01;1.010119995117187500e+03;2.650000000000000000e+01;1.560000000000000000e+02
3.443272000000000332e+01;1.010179992675781250e+03;2.650000000000000000e+01;1.550000000000000000e+02
3.447483199999999925e+01;1.010280029296875000e+03;2.650000000000000000e+01;1.570000000000000000e+02
3.451691999999999894e+01;1.010169982910156250e+03;2.650000000000000000e+01;1.550000000000000000e+02
3.455900400000000161e+01;1.010210021972656250e+03;2.650000000000000000e+01;1.560000000000000000e+02
3.460110800000000353e+01;1.010140014648437500e+03;2.650000000000000000e+01;1.550000000000000000e+02
3.464321600000000245e+01;1.010179992675781250e+03;2.650000000000000000e+01;1.540000000000000000e+02
3.468530799999999914e+01;1.010130004882812500e+03;2.650000000000000000e+01;1.530000000000000000e+02
3.472740799999999695e+01;1.010159973144531250e+03;2.650000000000000000e+01;1.550000000000000000e+02
3.476950399999999775e+01;1.010229980468750000e+03;2.650000000000000000e+01;1.560000000000000000e+02
3.481160400000000266e+01;1.010229980468750000e+03;2.650000000000000000e+01;1.530000000000000000e+02
3.485370799999999747e+01;1.010159973144531250e+03;2.650000000000000000e+01;1.540000000000000000e+02
3.489580000000000126e+01;1.010229980468750000e+03;2.650000000000000000e+01;1.530000000000000000e+02
3.493788800000000094e+01;1.010190002441406250e+03;2.639999961853027344e+01;1.520000000000000000e+02
3.497998799999999875e+01;1.010200012207031250e+03;2.650000000000000000e+01;1.500000000000000000e+02
3.502208000000000254e+01;1.010190002441406250e+03;2.650000000000000000e+01;1.510000000000000000e+02
3.506418000000000035e+01;1.010150024414062500e+03;2.650000000000000000e+01;1.540000000000000000e+02
3.510627199999999704e+01;1.010169982910156250e+03;2.650000000000000000e+01;1.530000000000000000e+02
3.514836799999999783e+01;1.010200012207031250e+03;2.650000000000000000e+01;1.540000000000000000e+02
3.519046000000000163e+01;1.010169982910156250e+03;2.639999961853027344e+01;1.550000000000000000e+02
3.523255600000000243e+01;1.010150024414062500e+03;2.650000000000000000e+01;1.540000000000000000e+02
3.527464799999999912e+01;1.010159973144531250e+03;2.650000000000000000e+01;1.540000000000000000e+02
3.531672799999999768e+01;1.010169982910156250e+03;2.650000000000000000e+01;1.550000000000000000e+02
3.535880800000000335e+01;1.010159973144531250e+03;2.650000000000000000e+01;1.540000000000000000e+02
3.540090399999999704e+01;1.010260009765625000e+03;2.650000000000000000e+01;1.540000000000000000e+02
3.544298799999999972e+01;1.010159973144531250e+03;2.650000000000000000e+01;1.540000000000000000e+02
3.548507599999999940e+01;1.010179992675781250e+03;2.650000000000000000e+01;1.540000000000000000e+02
3.552718000000000131e+01;1.010200012207031250e+03;2.650000000000000000e+01;1.550000000000000000e+02
3.556926800000000100e+01;1.010229980468750000e+03;2.650000000000000000e+01;1.550000000000000000e+02
3.561135999999999768e+01;1.010229980468750000e+03;2.650000000000000000e+01;1.530000000000000000e+02
3.565345200000000148e+01;1.010200012207031250e+03;2.650000000000000000e+01;1.540000000000000000e+02
3.569554000000000116e+01;1.010179992675781250e+03;2.650000000000000000e+01;1.550000000000000000e+02
3.573762800000000084e+01;1.010260009765625000e+03;2.650000000000000000e+01;1.550000000000000000e+02
3.577973999999999677e+01;1.010219970703125000e+03;2.639999961853027344e+01;1.530000000000000000e+02
3.582183599999999757e+01;1.010169982910156250e+03;2.650000000000000000e+01;1.530000000000000000e+02
3.586393199999999837e+01;1.010229980468750000e+03;2.650000000000000000e+01;1.540000000000000000e+02
3.590603999999999729e+01;1.010200012207031250e+03;2.650000000000000000e+01;1.550000000000000000e+02
3.594813200000000109e+01;1.010169982910156250e+03;2.650000000000000000e+01;1.560000000000000000e+02
3.599022399999999777e+01;1.010169982910156250e+03;2.650000000000000000e+01;1.550000000000000000e+02
3.603232400000000268e+01;1.010099975585937500e+03;2.650000000000000000e+01;1.550000000000000000e+02
3.607441599999999937e+01;1.010210021972656250e+03;2.650000000000000000e+01;1.560000000000000000e+02
3.611650800000000316e+01;1.010179992675781250e+03;2.650000000000000000e+01;1.560000000000000000e+02
3.615860399999999686e+01;1.010229980468750000e+03;2.650000000000000000e+01;1.550000000000000000e+02
3.620069999999999766e+01;1.010130004882812500e+03;2.650000000000000000e+01;1.540000000000000000e+02
3.624280799999999658e+01;1.010140014648437500e+03;2.650000000000000000e+01;1.540000000000000000e+02
3.628492800000000074e+01;1.010099975585937500e+03;2.650000000000000000e+01;1.530000000000000000e+02
3.632702799999999854e+01;1.010140014648437500e+03;2.650000000000000000e+01;1.540000000000000000e+02
3.636912399999999934e+01;1.010229980468750000e+03;2.650000000000000000e+01;1.530000000000000000e+02
3.641121199999999902e+01;1.010239990234375000e+03;2.650000000000000000e+01;1.530000000000000000e+02
3.645329999999999870e+01;1.010270019531250000e+03;2.650000000000000000e+01;1.500000000000000000e+02
3.649538799999999839e+01;1.010229980468750000e+03;2.650000000000000000e+01;1.480000000000000000e+02
3.653748800000000330e+01;1.010210021972656250e+03;2.650000000000000000e+01;1.500000000000000000e+02
3.657960400000000334e+01;1.010239990234375000e+03;2.650000000000000000e+01;1.500000000000000000e+02
3.662169600000000003e+01;1.010280029296875000e+03;2.650000000000000000e+01;1.490000000000000000e+02
3.666379200000000083e+01;1.010289978027343750e+03;2.650000000000000000e+01;1.470000000000000000e+02
3.670588399999999751e+01;1.010250000000000000e+03;2.650000000000000000e+01;1.480000000000000000e+02
3.674797199999999719e+01;1.010219970703125000e+03;2.650000000000000000e+01;1.490000000000000000e+02
3.679007200000000211e+01;1.010150024414062500e+03;2.650000000000000000e+01;1.510000000000000000e+02
3.683217199999999991e+01;1.010169982910156250e+03;2.650000000000000000e+01;1.530000000000000000e+02
3.687425199999999847e+01;1.010219970703125000e+03;2.650000000000000000e+01;1.500000000000000000e+02
3.691636400000000151e+01;1.010130004882812500e+03;2.650000000000000000e+01;1.490000000000000000e+02
3.695846399999999932e+01;1.010190002441406250e+03;2.650000000000000000e+01;1.490000000000000000e+02
3.700056399999999712e+01;1.010229980468750000e+03;2.650000000000000000e+01;1.500000000000000000e+02
3.704266400000000203e+01;1.010260009765625000e+03;2.650000000000000000e+01;1.490000000000000000e+02
3.708477200000000096e+01;1.010130004882812500e+03;2.650000000000000000e+01;1.490000000000000000e+02
3.712686399999999765e+01;1.010200012207031250e+03;2.650000000000000000e+01;1.500000000000000000e+02
3.716897600000000068e+01;1.010210021972656250e+03;2.650000000000000000e+01;1.490000000000000000e+02
3.721106400000000036e+01;1.010250000000000000e+03;2.650000000000000000e+01;1.500000000000000000e+02
3.725314800000000304e+01;1.010229980468750000e+03;2.650000000000000000e+01;1.500000000000000000e+02
3.729525600000000196e+01;1.010150024414062500e+03;2.650000000000000000e+01;1.510000000000000000e+02
3.733737200000000200e+01;1.010239990234375000e+03;2.650000000000000000e+01;1.500000000000000000e+02
3.737946399999999869e+01;1.010169982910156250e+03;2.650000000000000000e+01;1.500000000000000000e+02
3.742155999999999949e+01;1.010140014648437500e+03;2.650000000000000000e+01;1.510000000000000000e+02
3.746365200000000328e+01;1.010130004882812500e+03;2.650000000000000000e+01;1.510000000000000000e+02
3.750576399999999921e+01;1.010109985351562500e+03;2.650000000000000000e+01;1.520000000000000000e+02
3.754785600000000301e+01;1.010159973144531250e+03;2.650000000000000000e+01;1.510000000000000000e+02
3.758995600000000081e+01;1.010140014648437500e+03;2.650000000000000000e+01;1.510000000000000000e+02
3.763204000000000349e+01;1.010179992675781250e+03;2.650000000000000000e+01;1.490000000000000000e+02
3.767413599999999718e+01;1.010080017089843750e+03;2.650000000000000000e+01;1.490000000000000000e+02
3.771622800000000097e+01;1.010140014648437500e+03;2.650000000000000000e+01;1.500000000000000000e+02
3.775833200000000289e+01;1.010229980468750000e+03;2.650000000000000000e+01;1.490000000000000000e+02
3.780044399999999882e+01;1.010210021972656250e+03;2.650000000000000000e+01;1.490000000000000000e+02
3.784254800000000074e+01;1.010130004882812500e+03;2.650000000000000000e+01;1.490000000000000000e+02
3.788463999999999743e+01;1.010140014648437500e+03;2.650000000000000000e+01;1.490000000000000000e+02
3.792673599999999823e+01;1.010200012207031250e+03;2.650000000000000000e+01;1.500000000000000000e+02
3.796881599999999679e+01;1.010260009765625000e+03;2.650000000000000000e+01;1.500000000000000000e+02
